Country Code,year,avg_schooling_years,primary_enroll_gross_pct,secondary_enroll_gross_pct,tertiary_enroll_gross_pct,population_total,percent_urban,political_stability,log_gdp_pc_current_usd,join_year,treated,post_join,projects,usd_const_2021,log1p_usd_const_2021,share_amount_estimated,birth_rate_crude_per_1000
AFG,2000,,21.4578495025635,,,20130327.0,18.5581995230666,-2.43896889686584,5.170091824002358,2023.0,1,0,1.0,1283228.36439764,14.0648903995589,0.0,51.491
AFG,2001,,22.1396503448486,14.0404100418091,,20284307.0,18.7412381251552,,4.9395460959663104,2023.0,1,0,2.0,2818330.50091676,14.85165560146912,0.0,49.623
AFG,2002,,73.4013137817383,,,21378117.0,18.9412480133309,-2.03503370285034,5.192701753795908,2023.0,1,0,5.0,17983845.67632935,16.704984506079235,0.0,47.488
AFG,2003,,95.3357467651367,13.959529876709,1.37434995174408,22733049.0,19.1600346409089,-2.19837236404419,5.297672737462982,2023.0,1,0,6.0,17275664.089464568,16.66480942699062,0.0,47.056
AFG,2004,,105.475051879883,19.2143802642822,1.39064002037048,23560654.0,19.3993593959593,-2.29568219184875,5.406111361320887,2023.0,1,0,5.0,73087522.32900919,18.107168230658885,0.0,46.492
AFG,2005,,99.50390625,20.2735099792481,,24404567.0,19.7059095753667,-2.06750988960266,5.541985829931637,2023.0,1,0,3.0,56426067.08996785,17.848441809863424,0.0,44.952
AFG,2006,,102.284866333008,29.523889541626,,25424094.0,20.1104530189181,-2.21913456916809,5.617565522251692,2023.0,1,0,5.0,26648301.685127743,17.098236017434484,0.0,44.087
AFG,2007,,99.3228988647461,28.8154907226562,,25909852.0,20.5906579215423,-2.4133734703064,5.932836927464993,2023.0,1,0,5.0,25230568.41147075,17.043566889188202,0.0,43.831
AFG,2008,,104.445137023926,38.930850982666,,26482622.0,21.1241481349633,-2.69136095046997,5.9473382400541785,2023.0,1,0,5.0,34141491.54400078,17.346023992711235,0.0,42.538
AFG,2009,,99.7054214477539,44.2999496459961,3.93815994262695,27466101.0,21.6885475109053,-2.71142148971558,6.116010673592889,2023.0,1,0,4.0,10031802.715979077,16.121270975871866,0.0,42.162
AFG,2010,,103.48560333252,50.4406204223633,,28284089.0,22.2614799010924,-2.57915186882019,6.330828145182043,2023.0,1,0,5.0,29212629.51833044,17.19011172571248,0.0,41.759
AFG,2011,,101.542083740234,52.4474296569824,3.68686008453369,29347708.0,22.8205691572485,-2.50205969810486,6.409672578756921,2023.0,1,0,5.0,19778020.42006221,16.80008184983617,0.0,40.973
AFG,2012,,106.575317382812,54.372859954834,,30560034.0,23.3434391310979,-2.41856145858765,6.480684134151277,2023.0,1,0,6.0,800289.779076342,13.592730414454875,0.0,40.702
AFG,2013,,107.942840576172,54.8833694458008,,31622704.0,23.8077136743646,-2.51934909820557,6.458474793019239,2023.0,1,0,1.0,0.0,0.0,0.0,40.288
AFG,2014,,109.829452514648,54.2936515808105,8.39764022827148,32792523.0,24.1910166387726,-2.41106843948364,6.439438133724786,2023.0,1,0,6.0,2950061.866423343,14.897337038740917,0.0,39.646
AFG,2015,,106.773551940918,53.1501083374023,,33831764.0,24.4649118421568,-2.56262516975403,6.339600162758528,2023.0,1,0,8.0,32796433.478667893,17.3058303625269,0.0,39.364
AFG,2016,,106.784042358398,53.4350395202637,,34700612.0,24.6588345720126,-2.6621561050415,6.259738651679514,2023.0,1,0,11.0,52722527.60401548,17.780553409906968,0.0,38.732
AFG,2017,,106.54354095459,55.5364303588867,,35688935.0,24.8352821238871,-2.7949755191803,6.266193914715114,2023.0,1,0,14.0,102065701.03121616,18.44112730144193,0.0,38.171
AFG,2018,,107.687660217285,57.3578491210938,9.99592018127441,36743039.0,24.9991645191406,-2.75344133377075,6.199163891020855,2023.0,1,0,14.0,8745640.781685727,15.984066052156647,0.0,37.624
AFG,2019,,109.075309753418,,,37856121.0,25.1437258839803,-2.65253973007202,6.20980157408614,2023.0,1,0,4.0,0.0,0.0,0.0,37.138
AFG,2020,,,,10.85435962677,39068979.0,25.2622103446137,-2.702721118927,6.237908646670804,2023.0,1,0,11.0,12679734.611437527,16.35551565592297,0.4545454545454545,36.601
AFG,2021,,,,,40000412.0,25.3478620272481,-2.51867604255676,5.879124772192372,2023.0,1,0,15.0,61011455.90897336,17.926572222681852,0.2,36.342
BEN,2000,,77.2928009033203,20.0005397796631,3.49604988098144,7221619.0,38.2759517258875,0.799652576446533,6.191184170548615,2018.0,1,0,2.0,46502250.108607605,17.65501128032361,0.0,42.079
BEN,2001,,84.4785537719727,21.7104396820068,4.20038986206055,7445596.0,38.6186257669218,,6.20132324322536,2018.0,1,0,2.0,24303418.68027681,17.00612762599299,0.0,41.695
BEN,2002,2.46291,89.5929565429688,23.5846691131592,4.92833995819092,7675426.0,39.0035069872981,0.82151585817337,6.30529639495699,2018.0,1,0,4.0,68316745.40887006,18.0396654834896,0.0,41.48
BEN,2003,,93.1921081542969,24.9001197814941,5.43203020095825,7913070.0,39.4169696013044,0.679285824298859,6.51767552413556,2018.0,1,0,1.0,0.0,0.0,0.0,41.475
BEN,2004,,96.9871597290039,26.7041492462158,5.47938013076782,8159094.0,39.8525699078742,0.265973478555679,6.632918094979864,2018.0,1,0,5.0,5141569.25779127,15.452869088401211,0.0,41.329
BEN,2005,,94.2145690917969,,5.41120004653931,8426144.0,40.3097749006517,0.449746280908585,6.6598550157696135,2018.0,1,0,6.0,169886696.7170568,18.95064228879801,0.0,41.087
BEN,2006,,94.3325424194336,,6.20295000076294,8693242.0,40.7877794072449,0.547892570495605,6.697215802179801,2018.0,1,0,8.0,7628056.583728999,15.847343794668316,0.0,41.341
BEN,2007,,,,7.43086004257202,8953969.0,41.2857782552618,0.386217623949051,6.817106290832754,2018.0,1,0,4.0,37848293.498924,17.449096477358918,0.0,40.961
BEN,2008,,106.483963012695,,7.34216022491455,9228466.0,41.8029662723105,0.376421362161636,6.967534880359689,2018.0,1,0,5.0,43872283.8286815,17.59679335358882,0.0,40.371
BEN,2009,,111.44181060791,,9.3462495803833,9509423.0,42.338538285999,0.40366667509079,6.932548158332088,2018.0,1,0,6.0,28638555.79467541,17.17026450753967,0.0,39.982
BEN,2010,,112.795959472656,,12.6081895828247,9797484.0,42.8916891239353,0.261260122060776,6.881662047287422,2018.0,1,0,3.0,45264563.7282378,17.62803504876763,0.0,39.77
BEN,2011,,114.723129272461,45.7294692993164,11.8088598251343,10093623.0,43.4616136137276,0.318356364965439,6.966414288861132,2018.0,1,0,5.0,15219974.0790751,16.538119273016388,0.0,39.691
BEN,2012,,118.541481018066,,12.8605403900147,10397657.0,44.0475065829838,0.364367604255676,6.977771740608327,2018.0,1,0,4.0,36666526.47736968,17.41737483900964,0.0,39.706
BEN,2013,,119.383087158203,52.0378494262695,14.7752199172974,10708834.0,44.6502883669319,0.301189363002777,7.064696626522029,2018.0,1,0,8.0,256968707.52322933,19.364464878727592,0.0,39.582
BEN,2014,,119.675392150879,52.5952682495117,14.6916198730469,11030004.0,45.2880529235999,0.027139762416482,7.094566066335708,2018.0,1,0,7.0,8748583.8344087,15.984402512043136,0.0,39.342
BEN,2015,,121.990882873535,55.1333084106445,12.4851799011231,11360681.0,45.9407403257663,-0.0204964224249125,6.911168316732961,2018.0,1,0,5.0,325710805.5457194,19.60152044914252,0.0,38.996
BEN,2016,,120.301116943359,55.2945899963379,11.9529895782471,11697842.0,46.6094559006664,-0.0087835025042295,6.91922316687114,2018.0,1,0,10.0,101109252.57379235,18.43171220872199,0.0,38.554
BEN,2017,,116.291519165039,,11.337929725647,12039780.0,47.2942774880391,0.026252493262291,6.96221891914314,2018.0,1,0,6.0,115915888.77657963,18.56837539793416,0.0,37.84
BEN,2018,,111.805068969727,,11.5739097595215,12383347.0,47.9952829275963,-0.146990418434143,7.049897837915559,2018.0,1,1,8.0,1672173.90576621,14.329635675867522,0.125,36.955
BEN,2019,,106.798400878906,,10.3906803131103,12726755.0,48.7125500590248,-0.420240253210068,7.031583431289548,2018.0,1,1,25.0,394573881.5666653,19.79331696225301,0.08,36.036
BEN,2020,,104.033172607422,43.9858703613281,10.3808002471924,13070169.0,49.4461567219896,-0.443071663379669,7.0910715621866,2018.0,1,1,18.0,1968323.5346157632,14.49269324879956,0.3333333333333333,35.331
BEN,2021,,105.631301879883,44.2737998962402,9.82796955108643,13413417.0,50.1961807561354,-0.396318674087524,7.185123026762662,2018.0,1,1,12.0,841800000.0,20.55105301548868,0.1666666666666666,34.779
BGD,2000,,,46.7210006713867,5.25165987014771,134544304.0,23.3145114975244,-0.726261258125305,5.98562435194361,2019.0,1,0,3.0,284264555.01722527,19.46541589778768,0.0,29.589
BGD,2001,4.39687,,48.4609718322754,6.17244005203247,136805810.0,23.6999214768623,,5.980546183159677,2019.0,1,0,3.0,802300992.7597259,20.50299439936169,0.0,29.174
BGD,2002,,,49.6199493408203,5.91559982299805,138933658.0,24.1132383547332,-1.03259038925171,5.978598185142959,2019.0,1,0,4.0,48316040.4551517,17.693274184707427,0.0,28.526
BGD,2003,,,49.5259017944336,5.99128007888794,140970351.0,24.5525557512625,-1.1155811548233,6.058536125027026,2019.0,1,0,0.0,0.0,0.0,0.0,27.745
BGD,2004,,,46.3084297180176,5.55667018890381,142902856.0,25.0094809886101,-1.36047637462616,6.1238384320690935,2019.0,1,0,2.0,2154031.816242663,14.582852371606869,0.0,26.994
BGD,2005,,96.386833190918,45.1695098876953,6.13484001159668,144715786.0,25.4769540701509,-1.86383938789368,6.176045738076536,2019.0,1,0,3.0,112543688.5556854,18.53885205582588,0.0,26.055
BGD,2006,,95.8766021728516,45.7007904052734,7.07040023803711,146405973.0,25.9479149992596,-1.50709736347198,6.197234093761099,2019.0,1,0,6.0,12743686.5640857,16.36054661395681,0.0,25.252
BGD,2007,,93.662353515625,46.4658813476562,7.66305017471313,147989278.0,26.415303779311,-1.54307162761688,6.289632993831535,2019.0,1,0,4.0,4191169.852082581,15.248490692500184,0.0,24.526
BGD,2008,,90.3782272338867,44.5729598999023,8.62265968322754,149474264.0,26.87206041368,-1.50833129882812,6.420095967083645,2019.0,1,0,4.0,155746607.591819,18.863740940703394,0.0,23.685
BGD,2009,,92.5936737060547,48.1255798339844,10.4939298629761,150873714.0,27.3111249057412,-1.54677140712738,6.522403746038582,2019.0,1,0,3.0,0.0,0.0,0.0,22.829
BGD,2010,,94.7762261175806,49.5031106793162,,152201981.0,27.7254372588696,-1.42578947544098,6.63119154194643,2019.0,1,0,7.0,179313317.0089303,19.0046452136135,0.0,21.874
BGD,2011,5.19887,,49.7515496494472,13.2663245348367,153591076.0,28.1100162712427,-1.40473687648773,6.7314201016445,2019.0,1,0,4.0,775144417.262479,20.468559916102468,0.0,21.114
BGD,2012,5.30234,,51.6718482971191,13.4211598649529,155070101.0,28.4787972894576,-1.37908899784088,6.757723397684732,2019.0,1,0,4.0,572300248.990639,20.165174324196705,0.0,20.709
BGD,2013,5.06477,,55.6214332189314,13.4900578063704,156532141.0,28.8407036106763,-1.62785887718201,6.866165270654643,2019.0,1,0,6.0,375784418.9289736,19.74452618567276,0.3333333333333333,20.55
BGD,2014,5.1944,,,13.5777392703559,157964929.0,29.1944442321013,-0.895563185214996,6.998931468363866,2019.0,1,0,6.0,504060458.8602835,20.038206778881257,0.0,20.298
BGD,2015,5.98583,,59.4217414855957,15.5739926180902,159383179.0,29.5395099477892,-1.20977377891541,7.111011564390648,2019.0,1,0,8.0,447876015.3362839,19.92002700282775,0.125,20.254
BGD,2016,6.11389,,64.1664546117285,17.3985207411042,160811932.0,29.8753915517965,-1.25973296165466,7.40870255730707,2019.0,1,0,10.0,2053639246.7263844,21.442879299009004,0.0,20.226
BGD,2017,6.27025,105.128820425409,62.3408639225315,18.5175604399834,162186147.0,30.2015798381799,-1.25362718105316,7.5022318590208545,2019.0,1,0,15.0,972250835.1744208,20.695124391040306,0.0666666666666666,19.991
BGD,2018,6.38588,107.18995771035,65.2714888764112,19.5710492453779,163523103.0,30.5175656009959,-0.985569059848785,7.583880264190498,2019.0,1,0,9.0,6618134977.667856,22.613079441926548,0.4444444444444444,20.069
BGD,2019,6.54998,,65.1185413488915,22.7094642473405,164913055.0,30.8228396343012,-0.928628742694855,7.664252291443168,2019.0,1,1,8.0,2546189429.212319,21.65786373738232,0.0,20.131
BGD,2020,,110.066619873047,66.4329548486639,22.6923019564501,166298024.0,31.1168927321524,-0.915816903114319,7.718619176680477,2019.0,1,1,18.0,2743887279.515847,21.73264146743709,0.5,20.289
BGD,2021,,106.334849059692,66.8282318620991,23.9006822335243,167658854.0,31.3992156886061,-1.03688275814056,7.817564723993246,2019.0,1,1,11.0,1580353701.5503876,21.180914521305507,0.4545454545454545,20.414
ETH,2000,,52.2387313842773,14.451319694519,1.17114996910095,67411494.0,14.9193096160889,-0.946032106876373,4.814370602864555,2018.0,1,0,2.0,575294.3459038662,13.262638832959226,0.0,45.59
ETH,2001,,57.1306991577148,17.3430194854736,1.47605001926422,69487762.0,15.1177673339844,,4.782958183843133,2018.0,1,0,4.0,347157084.1690813,19.665287930487423,0.0,44.987
ETH,2002,,59.6043586730957,19.1939201354981,1.68374001979828,71635517.0,15.333233833313,-1.22584557533264,4.705864152740716,2018.0,1,0,2.0,5079180.26550298,15.4406606383576,0.0,44.264
ETH,2003,,60.7021408081055,19.5667705535889,2.40167999267578,73832663.0,15.5438537597656,-1.40960443019867,4.768992440417429,2018.0,1,0,3.0,35124692.93057393,17.374414971859903,0.0,43.334
ETH,2004,,63.5657081604004,21.47705078125,2.72982001304627,76077206.0,15.7585906982422,-1.31249165534973,4.899106255404535,2018.0,1,0,0.0,0.0,0.0,0.0,42.712
ETH,2005,,74.5096893310547,23.8548793792725,2.94167995452881,78367470.0,15.982967376709,-1.69038331508636,5.070434214063524,2018.0,1,0,6.0,902599.570179658,13.713035398082855,0.0,42.104
ETH,2006,,79.2329330444336,27.4775695800781,,80703490.0,16.2148475646973,-1.74013221263885,5.2488420897299655,2018.0,1,0,13.0,93662013.89336573,18.355203274336507,0.0,41.086
ETH,2007,2.02394,85.4697265625,30.251350402832,,83103217.0,16.0948330261902,-1.80640935897827,5.472885005923706,2018.0,1,0,7.0,2966559426.1732187,21.810668676219176,0.0,40.054
ETH,2008,,91.4530181884766,31.3109302520752,3.53211998939514,85543668.0,16.7936706542969,-1.73212063312531,5.760195810440211,2018.0,1,0,21.0,363344626.3889408,19.71086232859296,0.0,38.886
ETH,2009,,90.3419418334961,31.649019241333,5.09216022491455,88007636.0,17.1511001586914,-1.64107227325439,5.9123529182370165,2018.0,1,0,13.0,737680927.5530388,20.41902194294212,0.0,37.538
ETH,2010,,88.511037030714,33.0478591918945,6.96482992172241,90538514.0,17.4937839508057,-1.63510119915009,5.803987964366165,2018.0,1,0,13.0,1917689053.138001,21.374386680420187,0.0,36.571
ETH,2011,2.17401,90.6282577514648,34.4468994140625,7.27566003799438,93149970.0,17.863790512085,-1.5069637298584,5.8407141615817855,2018.0,1,0,23.0,1348991576.315393,21.022623170501976,0.0,35.671
ETH,2012,,89.9253221073517,36.2193489074707,7.62416982650757,95798767.0,18.2061367034912,-1.56427133083344,6.116115129061261,2018.0,1,0,12.0,238717343.2920664,19.29079075013589,0.0,34.563
ETH,2013,,,,,98438751.0,18.615514755249,-1.40730738639832,6.184231017676458,2018.0,1,0,20.0,5872508463.202027,22.493547715824874,0.0,33.644
ETH,2014,,93.1145890062913,,5.9192507771213,101115610.0,19.0262870788574,-1.3393874168396,6.311710447844543,2018.0,1,0,12.0,1271279065.877024,20.963289369865667,0.0,33.408
ETH,2015,,94.0857534729235,33.9114221981431,,103867135.0,19.451566696167,-1.49694204330444,6.395114864844244,2018.0,1,0,13.0,832856954.2540209,20.540372463001013,0.0,33.331
ETH,2016,,,,,106718162.0,19.8763618469238,-1.61724519729614,6.465602622873464,2018.0,1,0,17.0,982765617.9904023,20.70588121528714,0.0,33.329
ETH,2017,,101.223991472845,,,109666481.0,20.3084850311279,-1.67723059654236,6.547285184097235,2018.0,1,0,18.0,993719543.6472071,20.716965576567297,0.0,33.222
ETH,2018,,,,,112664152.0,20.7838096618652,-1.27460920810699,6.607598415232994,2018.0,1,1,17.0,3221566833.584777,21.89313367274552,0.0588235294117647,33.394
ETH,2019,,,,,115737383.0,21.2486705780029,-1.30376279354095,6.677679312924332,2018.0,1,1,10.0,61253079.00004293,17.930524691839814,0.0,33.549
ETH,2020,,112.6701710274,,,118917671.0,21.6260051727295,-1.75370299816132,6.722378238004616,2018.0,1,1,23.0,15259963.517482707,16.540743258620157,0.2608695652173913,33.31
ETH,2021,,101.338920969252,,,122138588.0,22.1067085266113,-2.18383121490479,6.795716776733858,2018.0,1,1,12.0,69302799.99097422,18.05399588168351,0.5833333333333334,32.876
KHM,2000,,102.792739868164,18.1284408569336,1.86557996273041,12462336.0,18.6242216655572,-0.776030659675598,5.695167766134285,2013.0,1,0,8.0,91777090.26860954,18.334873273996948,0.0,28.466
KHM,2001,,110.342948913574,20.176570892334,1.97913002967834,12658484.0,18.7186818716995,,5.794539834311178,2013.0,1,0,8.0,28205127.639950942,17.155014386037532,0.0,28.11
KHM,2002,,123.66854095459,23.8959407806396,2.33661007881165,12855241.0,18.803641734126,-0.72216534614563,5.861205727012642,2013.0,1,0,7.0,338925195.87015617,19.641289982796,0.1428571428571428,27.528
KHM,2003,,126.512390136719,27.8392200469971,3.01460003852844,13050968.0,18.8881765274479,-0.652008533477783,5.960208950248643,2013.0,1,0,2.0,14764407.97159817,16.507730043344292,0.0,26.88
KHM,2004,,129.020355224609,30.9775104522705,3.07344007492065,13244731.0,18.9813615262763,-0.407748281955719,6.098521524900277,2013.0,1,0,6.0,7041125.214140724,15.767278688939347,0.0,26.261
KHM,2005,,129.551315307617,,3.77035999298096,13439202.0,19.0922720052225,-0.393915474414825,6.266815892257386,2013.0,1,0,5.0,82062748.92320292,18.222994755545308,0.0,26.104
KHM,2006,,128.404861450195,39.1435394287109,6.20005989074707,13639028.0,19.2299832388976,-0.345979183912277,6.418777002005305,2013.0,1,0,7.0,64972305.96685968,17.989471690412547,0.0,26.127
KHM,2007,3.95078,127.717086791992,41.7365608215332,7.67417001724243,13841770.0,19.4035705019128,-0.363606303930283,6.596725825381715,2013.0,1,0,16.0,835023218.2291211,20.54297008988853,0.0,26.209
KHM,2008,3.94855,124.066017150879,44.2504997253418,8.92994976043701,14053479.0,19.6574509865325,-0.298690915107727,6.765366489220629,2013.0,1,0,14.0,166073144.47790998,18.92793888467864,0.0,25.88
KHM,2009,3.96502,123.781600952148,,10.6747398376465,14276810.0,20.1979728726519,-0.560373842716217,6.776220675667477,2013.0,1,0,16.0,776936447.4587222,20.470869114071448,0.0,25.625
KHM,2010,,123.357803344727,,12.1998596191406,14500726.0,21.1232251168762,-0.50098443031311,6.859903021980445,2013.0,1,0,24.0,2942319015.783209,21.802463888591365,0.0833333333333333,25.036
KHM,2011,,118.762440557356,,11.4902860215331,14722584.0,22.3824788531276,-0.304419666528702,6.993916028502356,2013.0,1,0,20.0,258924055.76469907,19.37204535954255,0.0,24.631
KHM,2012,,115.41843697639,,,14945085.0,23.9411047582349,-0.103577204048634,7.084898979130288,2013.0,1,0,23.0,1624920362.2715812,21.20872464430973,0.0,24.578
KHM,2013,,115.808136523857,,,15170208.0,25.7644735090271,-0.136436149477959,7.175229616503199,2013.0,1,1,27.0,1214098047.3855886,20.9172672910552,0.0,24.56
KHM,2014,3.6013,108.942219609284,,,15396772.0,27.8179557823331,0.0231748018413782,7.26722110008759,2013.0,1,1,27.0,748567450.7585998,20.43367187367372,0.0,24.403
KHM,2015,3.67808,103.759672683505,,13.615484963166,15623251.0,30.0669222549819,0.0633481442928314,7.344925818588925,2013.0,1,1,15.0,544177651.1610305,20.11478631798148,0.0,24.218
KHM,2016,,101.734266788056,,,15852803.0,32.4767436038024,0.206190809607506,7.424281955089219,2013.0,1,1,23.0,934659646.58862,20.655693007709843,0.0,23.956
KHM,2017,,100.69503505776,48.9424458707368,12.5181529981862,16073372.0,35.0127905056235,0.0935096517205238,7.510624252389229,2013.0,1,1,24.0,579451452.4884306,20.17759244413472,0.0,23.655
KHM,2018,,99.6739108443274,50.199099715459,13.2671737077763,16274522.0,37.6404336372742,0.110921673476696,7.619564130148468,2013.0,1,1,19.0,1967414977.141764,21.39998632417943,0.0,23.372
KHM,2019,,100.480819545412,49.7344518908574,12.9409846754696,16481304.0,39.5830241256026,-0.0754886493086815,7.708355459113246,2013.0,1,1,22.0,2270460260.136928,21.54324840609716,0.0454545454545454,22.988
KHM,2020,,107.021018981934,51.8196983337402,13.8767573747135,16725474.0,39.832658030922,-0.209065958857536,7.641439201747872,2013.0,1,1,28.0,1336760792.0176592,21.01351520583395,0.1071428571428571,22.409
KHM,2021,,105.282475574163,54.2809323078227,13.5005634857238,16974305.0,40.1091858128847,-0.131522253155708,7.681746342489746,2013.0,1,1,28.0,901459466.4,20.61952563831011,0.3214285714285714,21.905
LAO,2000,,105.722198486328,33.2670707702637,2.64691996574402,5431212.0,22.1840964350091,-0.577913403511047,5.7675389783383295,2018.0,1,0,2.0,91829192.75657126,18.3354408198122,0.0,32.901
LAO,2001,,103.310859680176,35.1896514892578,3.04713988304138,5521482.0,23.3728884682287,,5.772425079507834,2018.0,1,0,1.0,75436133.0223992,18.138796949249954,0.0,32.112
LAO,2002,,105.233688354492,37.9458808898926,4.05916023254395,5610889.0,24.5247834668291,-0.103369668126106,5.750509614310759,2018.0,1,0,8.0,304254215.3827408,19.53337414801934,0.0,31.18
LAO,2003,,107.481590270996,40.6808013916016,4.79725980758667,5697945.0,25.5945881340707,-1.23235356807709,5.875203772649863,2018.0,1,0,7.0,80829447.62872651,18.207851920317548,0.0,30.66
LAO,2004,,108.649421691895,42.5078582763672,5.579430103302,5781626.0,26.5371091732139,-0.611157953739166,6.016879577433562,2018.0,1,0,7.0,986577817.800692,20.709752764046847,0.1428571428571428,30.075
LAO,2005,,110.026527404785,42.9863014221191,7.60128021240234,5869523.0,27.3224977292697,-0.49144771695137,6.146460955629618,2018.0,1,0,4.0,72087857.71989392,18.09339619306674,0.25,28.788
LAO,2006,,110.817306518555,42.2330513000488,8.78625965118408,5963200.0,28.0378756242097,-0.0852985605597496,6.36370364675927,2018.0,1,0,8.0,138844083.2166166,18.74886216523952,0.0,28.365
LAO,2007,,112.471809387207,43.0343399047852,11.2626600265503,6056236.0,28.7343050001346,-0.176476791501045,6.548681766023701,2018.0,1,0,8.0,47031523.10183776,17.666328660409484,0.0,28.124
LAO,2008,,114.984016418457,44.126880645752,13.0783004760742,6148969.0,29.4034348148069,0.01727613247931,6.787560134629068,2018.0,1,0,12.0,506426631.6309291,20.04289001949452,0.0,27.882
LAO,2009,,117.407089233398,45.6930198669434,16.2123508453369,6241642.0,30.0420311503825,-0.15804822742939,6.841650062239359,2018.0,1,0,12.0,655864412.5257491,20.30146463884717,0.0,27.569
LAO,2010,,119.705680847168,47.3594398498535,16.6638298034668,6334194.0,30.6468600890172,-0.282062977552414,7.027240067180488,2018.0,1,0,5.0,525969018.6820723,20.080752871024604,0.0,27.195
LAO,2011,,119.074599302583,46.3030907447649,17.4954696423161,6426590.0,31.2146877128668,-0.058007225394249,7.217111053610419,2018.0,1,0,15.0,687409293.8959632,20.34844044410407,0.0,26.777
LAO,2012,,118.414315740965,49.0350189208984,17.330766926856,6518978.0,31.7422801040872,0.0337390303611755,7.355363158366373,2018.0,1,0,21.0,749123892.8822466,20.434414940195225,0.0,26.174
LAO,2013,,118.408152699995,52.6759359354755,18.9224448772621,6611385.0,32.2264033448341,0.0674438998103142,7.503023743205836,2018.0,1,0,16.0,967877029.7738196,20.69061560284674,0.0625,25.623
LAO,2014,,117.425464096562,58.0247383117676,18.4954952643985,6703172.0,32.6638235172635,0.498692989349365,7.591881446786444,2018.0,1,0,17.0,2635665667.066824,21.692401612487604,0.1176470588235294,25.049
LAO,2015,,114.302879123065,62.2967936554274,18.1574846273063,6801645.0,33.1240204432199,0.53887152671814,7.660120629697669,2018.0,1,0,24.0,1564442717.9506788,21.170795507396026,0.0416666666666666,24.962
LAO,2016,,110.502812681423,64.7630026961054,17.0880719461771,6908802.0,33.8267455533474,0.524906516075134,7.742498180540314,2018.0,1,0,25.0,4589788738.444315,22.24709983369477,0.0,24.567
LAO,2017,,107.444972491228,66.0411073482017,15.4112577339384,7018147.0,34.5115346444216,0.394012778997421,7.79705730812921,2018.0,1,0,19.0,1150066697.1921256,20.86308577606766,0.0526315789473684,24.117
LAO,2018,,104.275413158198,66.1528570578416,14.4969749098337,7128045.0,35.2050070032013,0.407969743013382,7.842321017848811,2018.0,1,1,26.0,547480062.6091517,20.12083660549268,0.2307692307692307,23.599
LAO,2019,,101.978544594664,64.986385458831,13.7404020217342,7237636.0,35.9072880879451,0.530352234840393,7.859537012023862,2018.0,1,1,23.0,4350240720.652793,22.19349701882688,0.0,23.151
LAO,2020,,100.27766790602,62.4493058083911,12.561911777868,7346533.0,36.6185033569111,0.693948686122894,7.857394635054119,2018.0,1,1,24.0,415056178.7778498,19.84392444199156,0.25,22.618
LAO,2021,,99.1101994809825,59.8530595325837,12.4396649191011,7453194.0,37.338778268357,0.712538421154022,7.834808309077803,2018.0,1,1,22.0,125775571.50492992,18.650009706149465,0.5454545454545454,22.147
MOZ,2000,,73.2299194335938,5.94095993041992,0.613489985466003,18129653.0,29.2423697311441,-0.125803381204605,5.793398411751154,2018.0,1,0,5.0,20038115.81156836,16.813146858286718,0.0,43.583
MOZ,2001,,79.6124725341797,6.66658020019531,0.602580010890961,18537729.0,29.4137097764239,,5.722905585584114,2018.0,1,0,3.0,116529361.35633828,18.5736538366074,0.0,43.073
MOZ,2002,,83.0477981567383,8.2307596206665,0.682079970836639,18958338.0,29.5686323334348,0.188492238521576,5.7522127700209325,2018.0,1,0,3.0,13796991.059060138,16.43996115963446,0.0,42.473
MOZ,2003,,,,0.928529977798462,19392475.0,29.7146340268639,0.246098503470421,5.830382049567225,2018.0,1,0,2.0,1218031.87018926,14.012747713906933,0.0,41.971
MOZ,2004,,93.0763931274414,10.5598001480103,1.15550994873047,19840313.0,29.8592114813982,0.0032564660068601,5.994103494924076,2018.0,1,0,2.0,0.0,0.0,0.0,41.638
MOZ,2005,,100.058006286621,12.95458984375,1.43202996253967,20304569.0,30.0098613217248,0.125595733523369,6.081702466922351,2018.0,1,0,3.0,17144843.46195176,16.657208071919182,0.0,41.356
MOZ,2006,,102.737716674805,15.2163000106812,2.12770009040833,20787087.0,30.1740801725307,0.520101010799408,6.127933350947979,2018.0,1,0,2.0,40638.981705134,10.612507632083314,0.0,41.117
MOZ,2007,,109.321502685547,17.9137401580811,3.03946995735169,21287635.0,30.3598131347122,0.35761559009552,6.232202257305675,2018.0,1,0,6.0,201372286.69353023,19.12066593043728,0.0,41.268
MOZ,2008,,114.194580078125,20.1720008850098,3.51939988136292,21819036.0,30.5625357695184,0.383096486330032,6.38546267866371,2018.0,1,0,5.0,103264164.6321528,18.45280097780055,0.0,42.277
MOZ,2009,,115.103843688965,22.9890193939209,3.82146000862122,22391745.0,30.7715592059159,0.625379621982574,6.307546639374241,2018.0,1,0,5.0,172055251.02987742,18.963326215925385,0.0,42.908
MOZ,2010,,116.867207366317,25.1208838457009,4.6029332896014,22999235.0,30.9861779822921,0.394421875476837,6.208963878524334,2018.0,1,0,7.0,120518141.39222568,18.607310858833657,0.0,42.806
MOZ,2011,2.632,113.599054478212,26.0157578808472,4.903703492415,23649039.0,31.2062230032794,0.332048267126083,6.42839035784023,2018.0,1,0,4.0,105049153.16689758,18.469938933503663,0.0,42.454
MOZ,2012,,113.200785284243,25.6446165136399,5.19951373358179,24337846.0,31.4315251735105,0.39049369096756,6.531876761369487,2018.0,1,0,10.0,1424739529.681136,21.0772548484728,0.0,42.019
MOZ,2013,,114.118825775581,34.4439086914062,5.59344755668074,25051611.0,31.6619153976179,-0.226966470479965,6.533070080441016,2018.0,1,0,7.0,229714043.4458496,19.252345808349403,0.0,41.554
MOZ,2014,,114.277516463599,33.95458984375,6.25049132527997,25788475.0,31.8972245802342,-0.336002737283707,6.548423495116562,2018.0,1,0,7.0,737568597.9823763,20.418869657421894,0.0,40.792
MOZ,2015,3.20018,114.82837357539,34.5285606384277,6.73181717702859,26547572.0,32.1372836259918,-0.516435563564301,6.41601924193216,2018.0,1,0,2.0,7161754.146357825,15.784265641069728,0.0,40.426
MOZ,2016,,113.687876415561,,7.34197304077013,27337105.0,32.3819234395234,-1.09681463241577,6.092417266029911,2018.0,1,0,6.0,22924879.2258834,16.947733351486104,0.0,40.093
MOZ,2017,3.06514,111.566194762496,37.2411918640137,7.24573099191356,28166393.0,32.6274411492675,-0.918098509311676,6.1568488140881055,2018.0,1,0,17.0,2412900945.062848,21.604095572627724,0.1764705882352941,39.755
MOZ,2018,,115.270990181058,,7.4630510423433,29018644.0,32.9902559073541,-0.833229660987854,6.250954029997973,2018.0,1,1,5.0,22450904.806300707,16.926841519057998,0.0,39.448
MOZ,2019,,117.86067127577,,,29884380.0,33.4177241517032,-0.765720069408417,6.254006778264655,2018.0,1,1,6.0,41571890.65369906,17.54293481545447,0.0,39.117
MOZ,2020,,118.980061431837,,,30783688.0,33.9044006416285,-1.28312349319458,6.138663713512573,2018.0,1,1,16.0,323594093.8855596,19.595000494791627,0.4375,38.736
MOZ,2021,,,,,31707800.0,34.4499259401554,-1.25703620910645,6.236189201088286,2018.0,1,1,11.0,28849202.0,17.177592924886874,0.3636363636363636,38.403
SDN,2000,,,,6.69480991363525,27816745.0,32.3435880462815,-2.24417304992676,5.894724772311118,2018.0,1,0,5.0,877009269.061062,20.592028120475646,0.0,40.836
SDN,2001,,54.9207382202148,32.2981796264648,8.25726985931396,28516770.0,32.3760415318304,,6.114330873021052,2018.0,1,0,6.0,593254159.7574694,20.201133466753184,0.1666666666666666,40.65
SDN,2002,,55.170108795166,32.1063385009766,9.31309986114502,29228727.0,32.4038820246832,-1.846431016922,6.2290288857931655,2018.0,1,0,5.0,150178481.35246697,18.82733502706136,0.0,40.439
SDN,2003,,56.535831451416,33.3529090881348,8.65738010406494,29896035.0,32.4271684741748,-1.97705578804016,6.3653018123334695,2018.0,1,0,9.0,2897336938.3104258,21.78705785525653,0.0,40.206
SDN,2004,,58.0592002868652,36.5913009643555,10.5490598678589,30556637.0,32.4459598296403,-1.54903697967529,6.5597757660882285,2018.0,1,0,21.0,894585957.2716688,20.611871552742887,0.0,39.967
SDN,2005,,59.3962097167969,36.3686599731445,11.823320388794,31262444.0,32.4603150404146,-1.97329592704773,6.809639170389396,2018.0,1,0,15.0,1761123648.0592127,21.289217879247754,0.0,39.612
SDN,2006,,63.7515182495117,34.6569290161133,13.3374099731445,31992435.0,32.4702930558327,-2.13907742500305,7.033043069498195,2018.0,1,0,17.0,913893015.6907444,20.63322407299509,0.0588235294117647,39.187
SDN,2007,,63.5354995727539,33.9691314697266,13.0165500640869,32764135.0,32.4759528252296,-2.36272478103638,7.276122139963669,2018.0,1,0,26.0,2239297836.136452,21.529428188108675,0.0,38.871
SDN,2008,,68.9424591064453,35.8935012817383,14.3921899795532,33623980.0,32.4816230749746,-2.48534822463989,7.332096047277964,2018.0,1,0,17.0,284572816.198815,19.46649972675631,0.0,38.392
SDN,2009,,68.2343368530273,39.4921493530273,14.6098203659058,34569113.0,32.5774622972843,-2.64707374572754,7.0726100098647455,2018.0,1,0,21.0,2625899928.452481,21.68868950450474,0.0,38.084
SDN,2010,,67.3397827148438,39.6667785644531,14.8035297393799,35414399.0,32.7174026591513,-2.66527771949768,7.175211163989822,2018.0,1,0,18.0,727717634.2794584,20.40542366729529,0.0,37.987
SDN,2011,,64.9761810302734,35.2129783630371,14.5120697021484,36140806.0,32.9059760141986,-2.5229172706604,7.195680241855526,2018.0,1,0,17.0,259402662.08389625,19.373892096115803,0.0,37.317
SDN,2012,,66.0605392456055,38.7272605895996,14.8181400299072,36923178.0,33.1425561614901,-2.26056337356567,6.92777563446949,2018.0,1,0,7.0,4111371560.777093,22.137022523112407,0.0,36.59
SDN,2013,,66.95703125,40.9434089660645,16.6676292419434,37785849.0,33.4264777958103,-2.19300961494446,7.038457003534534,2018.0,1,0,15.0,84296.1890561751,11.342103798904647,0.0,36.015
SDN,2014,,67.05712890625,42.046989440918,15.958589553833,38823318.0,33.7624582408117,-2.36308455467224,7.15182894291235,2018.0,1,0,9.0,327782650.0393716,19.607861297429142,0.0,35.491
SDN,2015,,67.6649703979492,42.5230712890625,15.8645696640015,40024431.0,34.0914394628597,-2.15515303611755,7.165013946405108,2018.0,1,0,7.0,3030144.03786317,14.924121043621524,0.0,35.683
SDN,2016,,69.8550796508789,40.9556007385254,,41259892.0,34.1881958841213,-2.33110570907593,6.941398875026842,2018.0,1,0,11.0,3609013.91875874,15.098945417381618,0.0,35.412
SDN,2017,,70.3664779663086,43.0903282165527,,42714306.0,34.2872225663509,-1.97152543067932,6.874721291831978,2018.0,1,0,7.0,95274351.7408534,18.3722712111126,0.0,35.023
SDN,2018,,72.0317687988281,42.1366996765137,,44230596.0,34.382054222005,-1.8218629360199,6.5958180348698425,2018.0,1,1,11.0,64566667.99561767,17.9832088757796,0.0,35.074
SDN,2019,,72.3981094360352,43.5378608703613,,45548175.0,34.4727685824236,-1.69626581668854,6.566637662337705,2018.0,1,1,13.0,29801225.8965137,17.21006012165208,0.0,34.909
SDN,2020,,,,,46789231.0,34.5594433789246,-1.65710651874542,6.36094874843926,2018.0,1,1,7.0,2546388.365443261,14.750186978630923,0.1428571428571428,34.48
SDN,2021,,,,,48066924.0,34.6421563427994,-1.98767411708832,6.569652526780859,2018.0,1,1,4.0,4500000.0,15.319588176962746,0.25,33.913
TGO,2000,,110.808746337891,31.6074600219727,,5140037.0,33.0994844063309,-0.290849715471268,6.018325058820089,2018.0,1,0,2.0,0.0,0.0,0.0,37.948
TGO,2001,,112.105476379395,34.4402694702148,,5277382.0,33.5503635916513,,5.985679482141477,2018.0,1,0,3.0,73638128.933585,18.1146735192971,0.0,37.903
TGO,2002,,113.691993713379,38.4870300292969,,5413274.0,34.0011370438307,0.0573869608342648,6.100853991571467,2018.0,1,0,1.0,905925.758534097,13.716713741287258,0.0,37.776
TGO,2003,,111.294708251953,40.5968894958496,,5552167.0,34.4513989657696,-0.185996636748314,6.290022347167996,2018.0,1,0,5.0,7048813.92776272,15.76837006530604,0.0,37.528
TGO,2004,,110.338851928711,41.9863700866699,,5696508.0,34.9007435603688,-0.314870864152908,6.330195496154805,2018.0,1,0,5.0,40715211.734225474,17.522112357829204,0.2,37.14
TGO,2005,,109.478187561035,44.2280082702637,,5844631.0,35.3487650305291,-1.44021821022034,6.31401867829703,2018.0,1,0,4.0,18309497.11866749,16.72293050604387,0.0,37.434
TGO,2006,,113.06999206543,46.0299682617188,4.9507098197937,6010668.0,35.795057579151,-0.527322232723236,6.316265855577599,2018.0,1,0,4.0,77724403.67428,18.16867985449449,0.0,37.661
TGO,2007,,107.236228942871,42.7597885131836,5.5628399848938,6188344.0,36.2392154091353,-0.341404855251312,6.411141333750748,2018.0,1,0,6.0,35257485.98877872,17.378188461514323,0.0,38.005
TGO,2008,,107.988212585449,,,6368812.0,36.6808327233827,-0.168963000178337,6.57917952432598,2018.0,1,0,8.0,23563770.48107817,16.97522098377828,0.0,37.953
TGO,2009,4.11005,121.990951538086,,,6551865.0,37.1195037247939,-0.165575549006462,6.581600905083783,2018.0,1,0,5.0,304635596.82320786,19.5346268590401,0.0,38.043
TGO,2010,,124.709514209282,,8.90678270945479,6732590.0,37.5545882975638,-0.179348394274712,6.55959650117902,2018.0,1,0,4.0,58931840.98103994,17.891892113427925,0.0,37.91
TGO,2011,3.65156,122.784071157596,52.7706298828125,9.66968081043628,6916474.0,37.9872305648732,-0.162598490715027,6.665669634462439,2018.0,1,0,6.0,74591063.23474814,18.12753127562348,0.0,37.105
TGO,2012,,125.758046516929,,10.7079137745625,7100736.0,38.4194359598204,-0.386457771062851,6.637771168009239,2018.0,1,0,10.0,270740017.88015664,19.41666957845729,0.0,36.144
TGO,2013,,126.10501578594,,10.8397865677878,7285442.0,38.8516767884103,-0.353710830211639,6.718460827952624,2018.0,1,0,2.0,275189.634633241,12.525219353333044,0.0,35.414
TGO,2014,,122.304207926362,,10.5384945175632,7472450.0,39.2839506458368,-0.16712686419487,6.752953331246969,2018.0,1,0,10.0,220078757.8851476,19.209496035184227,0.0,34.996
TGO,2015,,125.602691931749,,10.8146472215817,7663195.0,39.7162551272934,-0.232123047113419,6.622805453990154,2018.0,1,0,9.0,91343277.26442514,18.33013525586341,0.0,34.669
TGO,2016,,121.476913528699,,12.0913340463942,7858289.0,40.1485878279739,-0.17511710524559,6.651030845633373,2018.0,1,0,9.0,171380451.34841055,18.95939651064867,0.0,34.409
TGO,2017,,119.405694248485,60.769472220228,12.3068653432672,8057140.0,40.5809463430719,-0.874444663524628,6.67678833075566,2018.0,1,0,4.0,23874009.74354652,16.988301008647344,0.0,33.923
TGO,2018,,117.836324490464,,12.9031599603185,8258778.0,41.013328267781,-0.885994553565979,6.747728020613898,2018.0,1,1,3.0,666814.673886539,13.410268935711096,0.0,33.413
TGO,2019,,117.747746676497,,13.1551472123617,8463068.0,41.445731197295,-0.908257663249969,6.718113243572224,2018.0,1,1,9.0,1961404.400780967,14.48917181547025,0.0,32.925
TGO,2020,,119.266830948762,,14.9029897765252,8669720.0,41.8781527268075,-0.890698075294495,6.762115059087953,2018.0,1,1,15.0,36855.62107878409,10.514790557971056,0.1333333333333333,32.454
TGO,2021,,116.971385859009,63.0669365853803,,8878379.0,42.3105904515122,-0.695706963539124,6.870131485090796,2018.0,1,1,10.0,32472000.0,17.29588876829663,0.4,32.015
TZA,2000,,69.492431640625,,0.64341002702713,34260139.0,22.1944164040635,-0.701925754547119,5.998187275432575,2018.0,1,0,4.0,11822598.712068103,16.285523487557906,0.0,41.528
TZA,2001,,75.7181167602539,,0.662460029125214,35198299.0,22.5963228653037,,5.985543886813759,2018.0,1,0,6.0,206648925.8590032,19.14653190587201,0.0,41.398
TZA,2002,4.29875,90.610237121582,,0.697420001029968,36121304.0,23.0306918214565,-0.253289312124252,6.000545806991625,2018.0,1,0,3.0,67401122.90108356,18.026172250833767,0.0,41.171
TZA,2003,,96.8610763549805,,0.897960007190704,37089555.0,23.5202087261949,-0.855547189712524,6.047806112661245,2018.0,1,0,5.0,487212.748075707,13.096458213525883,0.0,41.335
TZA,2004,,101.592483520508,,1.21524000167847,38109668.0,24.0832469119457,-0.671642243862152,6.112321263993448,2018.0,1,0,4.0,59209455.88123914,17.896591831711948,0.0,41.527
TZA,2005,,105.037376403809,,1.42771995067596,39182076.0,24.7061884538741,-0.583453714847565,6.182776546372917,2018.0,1,0,9.0,589371.4117402625,13.286813540827255,0.0,41.465
TZA,2006,,107.455772399902,,,40294902.0,25.3741033202009,-0.357518166303635,6.166985395205139,2018.0,1,0,12.0,32447473.45240585,17.295133169192045,0.0,40.973
TZA,2007,,108.751991271973,,1.46310997009277,41435512.0,26.0720614791471,-0.38706237077713,6.299313708414583,2018.0,1,0,7.0,8120160.65439219,15.909860620116074,0.0,40.168
TZA,2008,,109.176727294922,,,42570728.0,26.7851328989335,-0.228933870792389,6.517637644409944,2018.0,1,0,9.0,149260713.83217186,18.82120509883045,0.0,39.579
TZA,2009,,103.463706970215,,,43633982.0,27.498387547781,0.0891812443733215,6.543657924643677,2018.0,1,0,9.0,17779625.127674684,16.69356376013911,0.0,39.162
TZA,2010,,100.14820098877,31.8920497894287,2.13913621753427,44758488.0,28.1968953939105,0.0144716212525964,6.603306970588026,2018.0,1,0,10.0,243262749.6190252,19.30965269541213,0.0,38.756
TZA,2011,,95.0884666333147,,,46029367.0,28.865726405543,-0.0241334792226553,6.65465852774607,2018.0,1,0,14.0,88898640.28908274,18.30300741677997,0.0,38.108
TZA,2012,5.45327,91.9735025482608,,3.96461947161333,47374260.0,29.4878764597911,0.0514542907476425,6.760379823346899,2018.0,1,0,10.0,1368217280.5781252,21.036774475097328,0.0,38.102
TZA,2013,,88.8300914467545,32.3857446198788,3.67337417645482,48824128.0,30.0725108782502,-0.162120848894119,6.871150555205484,2018.0,1,0,20.0,198402325.98792657,19.105807481516056,0.0,38.408
TZA,2014,,85.9364790514687,29.6310806274414,,50351512.0,30.6443077170742,-0.597118556499481,6.931226085066874,2018.0,1,0,11.0,332483984.51040566,19.622102253021787,0.0,38.355
TZA,2015,,84.2207717895508,26.090669631958,3.98361077132501,52020962.0,31.2061566592472,-0.423460692167282,6.846015312194116,2018.0,1,0,16.0,373987458.5778885,19.73973282427624,0.0,37.622
TZA,2016,,85.2800976460579,25.6429992626308,3.72893939925404,53824013.0,31.7577303242916,-0.448246777057648,6.860674931539504,2018.0,1,0,10.0,5298914.736153074,15.483012779509076,0.0,37.632
TZA,2017,,89.5967210005503,26.3711632016128,4.78205361153138,55652890.0,32.2987013317296,-0.570162117481232,6.895352695155703,2018.0,1,0,11.0,16642622.12624467,16.627477620731845,0.0,37.611
TZA,2018,,94.9840282240997,28.5933897410534,4.27996511118124,57437145.0,32.8287423010834,-0.580475687980652,6.931575571902097,2018.0,1,1,26.0,297790640.66055024,19.511901252806208,0.0,37.335
TZA,2019,,97.6456520812412,30.1824263288684,2.85588898826608,59174891.0,33.3475258518752,-0.388420015573502,6.970093734654811,2018.0,1,1,13.0,66807762.22724135,18.017329847730988,0.0,36.883
TZA,2020,,98.5753622403869,30.9205938581875,7.18188265775187,60972798.0,33.8547246036273,-0.480807662010193,7.019668036625028,2018.0,1,1,18.0,56867617.21794729,17.85623663723744,0.1666666666666666,36.437
TZA,2021,,98.6999541804178,28.231330871582,3.59164319762461,62830412.0,34.3500111758619,-0.33555868268013,7.056913431759978,2018.0,1,1,19.0,156860873.63052374,18.87086982160041,0.3157894736842105,36.015
