Series Name,Series Code,Country Name,Country Code,2000 [YR2000],2001 [YR2001],2002 [YR2002],2003 [YR2003],2004 [YR2004],2005 [YR2005],2006 [YR2006],2007 [YR2007],2008 [YR2008],2009 [YR2009],2010 [YR2010],2011 [YR2011],2012 [YR2012],2013 [YR2013],2014 [YR2014],2015 [YR2015],2016 [YR2016],2017 [YR2017],2018 [YR2018],2019 [YR2019],2020 [YR2020],2021 [YR2021]
"Birth rate, crude (per 1,000 people)",SP.DYN.CBRT.IN,Afghanistan,AFG,51.491,49.623,47.488,47.056,46.492,44.952,44.087,43.831,42.538,42.162,41.759,40.973,40.702,40.288,39.646,39.364,38.732,38.171,37.624,37.138,36.601,36.342
"Birth rate, crude (per 1,000 people)",SP.DYN.CBRT.IN,Albania,ALB,17.513,16.596,15.585,15.616,14.7,13.862,12.977,12.439,12.209,12.326,12.373,12.406,12.868,13.137,13.071,12.431,11.873,11.416,10.898,10.757,10.536,10.512
"Birth rate, crude (per 1,000 people)",SP.DYN.CBRT.IN,Algeria,DZA,19.574,19.405,19.096,19.614,20.337,21.136,21.998,22.873,23.735,24.189,24.556,24.76,25.656,25.524,26.063,25.811,25.439,25.015,24.063,23.379,22.43,21.392
"Birth rate, crude (per 1,000 people)",SP.DYN.CBRT.IN,American Samoa,ASM,29.234,28.79,28.465,28.502,28.479,27.578,26.017,24.482,23.625,22.976,22.361,21.784,21.266,20.73,20.317,19.821,19.141,18.206,17.204,16.304,15.658,15.649
"Birth rate, crude (per 1,000 people)",SP.DYN.CBRT.IN,Andorra,AND,11.54,11.405,10.728,9.537,10.253,10.502,10.498,10.04,10.46,10.101,10.742,10.469,10.172,9.03,8.973,9.132,8.432,7.831,7.159,6.993,6.831,6.828
"Birth rate, crude (per 1,000 people)",SP.DYN.CBRT.IN,Angola,AGO,46.853,46.771,46.666,46.551,46.46,46.342,46.123,45.838,45.507,45.175,44.661,44.136,43.61,43.065,42.503,41.847,41.183,40.595,40.057,39.539,39.127,38.67
"Birth rate, crude (per 1,000 people)",SP.DYN.CBRT.IN,Antigua and Barbuda,ATG,19.72,17.973,17.106,16.443,15.947,15.613,15.461,15.59,16.994,16.578,14.66,14.259,13.456,12.436,12.31,12.587,11.657,11.796,10.822,11.5,12.18,12.135
"Birth rate, crude (per 1,000 people)",SP.DYN.CBRT.IN,Argentina,ARG,19.328,18.94,18.702,18.41,18.295,18.306,18.161,17.967,18.462,18.231,18.314,18.172,17.48,17.683,18.019,17.665,16.789,16.155,15.332,13.902,11.799,11.682
"Birth rate, crude (per 1,000 people)",SP.DYN.CBRT.IN,Armenia,ARM,10.6,10,10.1,11.3,11.8,11.9,12,12.9,13.3,14.5,14.7,14.3,14,13.8,14.3,13.9,13.5,12.6,12.3,12.2,12.3,12.4
"Birth rate, crude (per 1,000 people)",SP.DYN.CBRT.IN,Aruba,ABW,14.26,13.813,13.337,13.358,12.54,12.936,13.681,13.38,13.07,12.332,11.941,12.175,12.592,12.548,12.864,11.556,11.625,11.477,10.807,10.842,9.688,9.461
"Birth rate, crude (per 1,000 people)",SP.DYN.CBRT.IN,Australia,AUS,13,12.7,12.8,12.6,12.3,12.8,12.9,14.1,14,13.9,13.7,13.6,13.7,13.3,13.2,12.9,12.9,12.6,12.6,12.1,11.5,12.1
"Birth rate, crude (per 1,000 people)",SP.DYN.CBRT.IN,Austria,AUT,9.8,9.4,9.7,9.5,9.7,9.5,9.4,9.2,9.3,9.2,9.4,9.3,9.4,9.4,9.6,9.8,10,10,9.7,9.6,9.4,9.6
"Birth rate, crude (per 1,000 people)",SP.DYN.CBRT.IN,Azerbaijan,AZE,14.5,13.6,13.5,13.8,15.8,16.9,17.6,17.7,17.4,17,18.3,19.2,18.8,18.3,17.9,17.2,16.3,14.6,14,14.1,12.5,11.1
"Birth rate, crude (per 1,000 people)",SP.DYN.CBRT.IN,"Bahamas, The",BHS,17.254,16.787,16.299,16.024,15.967,16.086,16.028,16.125,15.831,15.918,14.565,14.273,14.075,13.902,13.503,12.607,11.983,11.421,11.263,11.195,11.115,11.023
"Birth rate, crude (per 1,000 people)",SP.DYN.CBRT.IN,Bahrain,BHR,20.431,19.082,19.147,19.692,19.86,19.354,18.079,16.962,16.186,15.462,15.486,15.441,15.438,15.585,15.625,15.36,14.623,14.071,13.641,13.318,12.813,13.042
"Birth rate, crude (per 1,000 people)",SP.DYN.CBRT.IN,Bangladesh,BGD,29.589,29.174,28.526,27.745,26.994,26.055,25.252,24.526,23.685,22.829,21.874,21.114,20.709,20.55,20.298,20.254,20.226,19.991,20.069,20.131,20.289,20.414
"Birth rate, crude (per 1,000 people)",SP.DYN.CBRT.IN,Barbados,BRB,15.147,15.053,14.219,14.044,13.472,12.913,12.553,12.85,12.756,12.756,12.768,12.46,12.153,12.029,11.905,11.798,11.706,11.628,11.539,11.446,11.334,11.287
"Birth rate, crude (per 1,000 people)",SP.DYN.CBRT.IN,Belarus,BLR,9.4,9.2,8.9,9,9.1,9.3,9.9,10.7,11.1,11.4,11.4,11.5,12.2,12.5,12.5,12.5,12.4,10.8,9.9,9.3,8.886,8.624
"Birth rate, crude (per 1,000 people)",SP.DYN.CBRT.IN,Belgium,BEL,11.4,11.2,10.9,11,11.3,11.4,11.6,11.7,11.9,11.8,11.9,11.7,11.5,11.3,11.2,10.8,10.8,10.5,10.4,10.2,9.9,10.2
"Birth rate, crude (per 1,000 people)",SP.DYN.CBRT.IN,Belize,BLZ,30.213,29.412,28.691,27.92,27.272,26.722,25.52,24.448,23.683,22.749,21.974,22.011,22.002,22.055,21.972,21.698,21.374,21.286,21.144,19.335,18.353,16.539
"Birth rate, crude (per 1,000 people)",SP.DYN.CBRT.IN,Benin,BEN,42.079,41.695,41.48,41.475,41.329,41.087,41.341,40.961,40.371,39.982,39.77,39.691,39.706,39.582,39.342,38.996,38.554,37.84,36.955,36.036,35.331,34.779
"Birth rate, crude (per 1,000 people)",SP.DYN.CBRT.IN,Bermuda,BMU,12.86,13.356,12.635,12.096,11.583,11.379,11.128,11.608,11.469,11.768,11.579,10.082,9.632,9.393,8.844,9.055,9.171,8.81,8.407,8.375,8.678,8.21
"Birth rate, crude (per 1,000 people)",SP.DYN.CBRT.IN,Bhutan,BTN,25.18,23.865,22.657,21.706,21.261,21.114,20.971,20.795,20.293,19.641,18.901,18.224,17.589,17.065,16.422,15.656,14.81,13.759,12.941,12.421,12.952,12.892
"Birth rate, crude (per 1,000 people)",SP.DYN.CBRT.IN,Bolivia,BOL,29.846,29.12,28.53,28.135,27.689,27.332,27.342,26.874,26.441,26.017,25.619,25.221,24.83,24.437,24.041,23.653,23.272,22.911,22.574,22.257,21.996,21.808
"Birth rate, crude (per 1,000 people)",SP.DYN.CBRT.IN,Bosnia and Herzegovina,BIH,10.231,9.977,10.11,10.068,10.125,9.81,9.551,9.555,9.533,9.761,9.464,8.865,8.87,8.735,8.399,8.515,8.482,8.568,8.803,8.561,8.353,8.011
"Birth rate, crude (per 1,000 people)",SP.DYN.CBRT.IN,Botswana,BWA,27.936,27.907,27.647,27.393,27.309,27.706,28.141,28.335,28.396,28.396,28.365,28.038,27.742,27.183,26.795,26.475,26.254,26.073,25.897,25.751,25.532,25.422
"Birth rate, crude (per 1,000 people)",SP.DYN.CBRT.IN,Brazil,BRA,19.879,19.185,18.49,17.819,17.5,17.176,16.691,16.243,15.801,15.564,15.338,15.141,14.935,14.785,14.784,14.684,14.146,14.123,14.022,13.548,12.995,12.754
"Birth rate, crude (per 1,000 people)",SP.DYN.CBRT.IN,British Virgin Islands,VGB,14.539,11.724,9.746,10.472,12.245,11.138,10.389,11.059,10.7,10.273,9.93,9.929,9.322,9.313,10.821,10.234,9.545,6.925,6.982,8.071,8.174,8.397
"Birth rate, crude (per 1,000 people)",SP.DYN.CBRT.IN,Brunei Darussalam,BRN,19.803,19.298,18.685,18.036,17.365,16.713,16.262,15.943,16.015,16.241,16.577,16.966,17.096,16.913,16.627,16.239,15.785,15.334,14.924,14.572,14.284,14.06
"Birth rate, crude (per 1,000 people)",SP.DYN.CBRT.IN,Bulgaria,BGR,9,8.5,8.5,8.7,9.1,9.3,9.7,10,10.4,10.9,10.2,9.6,9.5,9.3,9.6,9.4,9.4,9.4,9.3,9.3,9,9
"Birth rate, crude (per 1,000 people)",SP.DYN.CBRT.IN,Burkina Faso,BFA,45.239,44.907,44.483,44.491,44.124,44.058,44.381,44.191,43.923,43.511,43.2,42.76,42.28,41.703,40.862,40.043,38.925,37.727,36.006,34.325,32.738,32.416
"Birth rate, crude (per 1,000 people)",SP.DYN.CBRT.IN,Burundi,BDI,42.726,43.035,44.042,44.528,45.29,46.154,46.575,46.726,46.656,46.489,46.963,45.978,44.758,43.899,42.901,42.257,40.096,38.618,37.215,36.579,35.855,35.06
"Birth rate, crude (per 1,000 people)",SP.DYN.CBRT.IN,Cabo Verde,CPV,27.862,26.762,25.701,24.746,23.943,22.797,21.612,20.583,19.857,19.504,20.42,20.578,19.108,18.401,18.079,17.459,17.32,16.8,15.451,14.288,13.142,12.569
"Birth rate, crude (per 1,000 people)",SP.DYN.CBRT.IN,Cambodia,KHM,28.466,28.11,27.528,26.88,26.261,26.104,26.127,26.209,25.88,25.625,25.036,24.631,24.578,24.56,24.403,24.218,23.956,23.655,23.372,22.988,22.409,21.905
"Birth rate, crude (per 1,000 people)",SP.DYN.CBRT.IN,Cameroon,CMR,40.878,40.669,40.8,41.074,41.275,41.319,41.115,40.897,40.665,40.359,39.837,39.217,38.651,38.076,37.548,37.719,37.775,37.516,36.899,36.183,35.438,34.778
"Birth rate, crude (per 1,000 people)",SP.DYN.CBRT.IN,Canada,CAN,10.7,10.8,10.5,10.6,10.6,10.7,11,11.3,11.5,11.4,11.2,11,11,10.9,10.9,10.7,10.6,10.3,10.1,9.9,9.5,9.7
"Birth rate, crude (per 1,000 people)",SP.DYN.CBRT.IN,Cayman Islands,CYM,15.444,15.211,15.025,14.916,14.875,14.777,14.739,14.803,14.915,15.015,14.69,14.099,13.072,12.215,11.241,10.64,10.296,10.175,10.584,12.435,12.716,12.581
"Birth rate, crude (per 1,000 people)",SP.DYN.CBRT.IN,Central African Republic,CAF,42.058,41.95,41.407,41.704,41.558,41.775,42.193,42.192,42.457,43.644,44.961,45.314,45.147,44.657,44.647,43.338,43.391,43.742,43.838,44.108,44.475,45.226
"Birth rate, crude (per 1,000 people)",SP.DYN.CBRT.IN,Chad,TCD,51.589,51.241,50.473,50.028,50.375,50.672,50.303,50.107,49.53,49.257,48.979,48.49,48.177,47.429,47.052,46.51,45.533,44.917,44.401,44.316,43.75,43.284
"Birth rate, crude (per 1,000 people)",SP.DYN.CBRT.IN,Channel Islands,CHI,11.4,11.1,10.8,10.9,10.7,10.2,10.2,10.5,10.5,10.5,10.5,10.5,10.3,10.1,9.8,9.5,9.2,8.8,8.5,8.3,8.2,8.2
"Birth rate, crude (per 1,000 people)",SP.DYN.CBRT.IN,Chile,CHL,16.322,15.914,15.249,14.789,14.415,14.23,13.995,14.194,14.353,14.363,14.23,14.017,13.776,13.622,13.473,13.147,12.685,11.763,11.698,10.94,10.097,9.07
"Birth rate, crude (per 1,000 people)",SP.DYN.CBRT.IN,China,CHN,14.03,13.38,12.86,12.41,12.29,12.4,12.09,12.1,12.14,11.95,11.9,13.27,14.57,13.03,13.83,11.99,13.57,12.64,10.86,10.41,8.52,7.52
"Birth rate, crude (per 1,000 people)",SP.DYN.CBRT.IN,Colombia,COL,22.258,21.722,21.352,20.928,20.278,19.579,18.965,18.552,18.191,17.656,16.93,16.321,15.986,15.63,15.258,14.764,14.271,14.177,14.195,14.218,14.106,13.947
"Birth rate, crude (per 1,000 people)",SP.DYN.CBRT.IN,Comoros,COM,35.359,35.089,34.744,34.459,34.333,34.445,34.3,34.137,34.099,34.279,34.437,34.512,34.241,33.856,33.322,32.78,32.093,31.35,30.91,30.447,29.985,29.498
"Birth rate, crude (per 1,000 people)",SP.DYN.CBRT.IN,"Congo, Dem. Rep.",COD,45.298,44.977,44.559,44.155,43.781,43.728,43.973,43.961,44.011,44.032,43.92,43.981,43.95,43.69,43.505,43.236,42.875,42.976,42.887,42.549,42.19,41.937
"Birth rate, crude (per 1,000 people)",SP.DYN.CBRT.IN,"Congo, Rep.",COG,36.164,37.087,37.316,36.955,37.113,37.033,37.097,37.217,38,38.009,38.911,38.403,37.82,36.824,35.819,34.932,34.093,33.413,32.784,32.183,31.741,31.377
"Birth rate, crude (per 1,000 people)",SP.DYN.CBRT.IN,Costa Rica,CRI,20.237,19.408,18.188,17.572,17.136,17.253,16.429,16.604,16.806,16.525,15.407,15.759,15.461,14.77,14.848,14.704,14.184,13.812,13.622,12.661,11.366,10.543
"Birth rate, crude (per 1,000 people)",SP.DYN.CBRT.IN,Cote d'Ivoire,CIV,44.278,43.902,43.4,42.802,42.276,41.927,41.441,40.961,40.474,40.745,40.936,40.846,40.688,40.451,39.841,38.768,37.742,36.58,35.081,34.306,33.651,33.081
"Birth rate, crude (per 1,000 people)",SP.DYN.CBRT.IN,Croatia,HRV,9.8,9.2,9,8.9,9.1,9.563,9.33,9.4,9.9,10.1,9.8,9.6,9.8,9.4,9.3,8.9,9,8.9,9,8.9,8.9,9.4
"Birth rate, crude (per 1,000 people)",SP.DYN.CBRT.IN,Cuba,CUB,12.857,12.424,12.534,12.114,11.262,10.619,9.874,10.021,10.911,11.536,11.428,11.771,11.241,11.156,10.873,10.938,10.299,10.115,10.172,9.668,9.257,8.814
"Birth rate, crude (per 1,000 people)",SP.DYN.CBRT.IN,Curacao,CUW,16.479,16.374,15.248,14.452,13.791,13.391,13.6,13.4,13.8,13,13.6,13.1,13.4,12.7,12.6,11.9,11.2,9.7,10.5,10.1,8.7,8.6
"Birth rate, crude (per 1,000 people)",SP.DYN.CBRT.IN,Cyprus,CYP,12.493,12.045,11.611,11.751,11.894,11.702,12.023,11.633,11.987,12.07,11.844,11.344,11.609,11.027,11.141,11.242,11.505,11.158,11.029,11.014,11.142,11.236
"Birth rate, crude (per 1,000 people)",SP.DYN.CBRT.IN,Czechia,CZE,8.9,8.9,9.1,9.2,9.6,10,10.3,11.1,11.5,11.3,11.2,10.4,10.3,10.2,10.4,10.5,10.7,10.8,10.7,10.5,10.3,10.6
"Birth rate, crude (per 1,000 people)",SP.DYN.CBRT.IN,Denmark,DNK,12.6,12.2,11.9,12,12,11.9,12,11.7,11.8,11.4,11.4,10.6,10.4,10,10.1,10.2,10.8,10.6,10.6,10.5,10.4,10.8
"Birth rate, crude (per 1,000 people)",SP.DYN.CBRT.IN,Djibouti,DJI,33.459,33.267,33.006,32.678,31.601,30.568,29.391,28.485,27.554,26.905,26.291,25.657,25.061,24.592,24.094,23.567,23.061,22.703,22.313,21.913,21.578,21.308
"Birth rate, crude (per 1,000 people)",SP.DYN.CBRT.IN,Dominica,DMA,17.923,18.017,16.187,15.605,15.239,15.019,15.546,15.12,14.668,14.252,13.986,13.719,13.87,13.294,13.684,13.106,12.922,11.813,11.636,11.512,11.404,11.251
"Birth rate, crude (per 1,000 people)",SP.DYN.CBRT.IN,Dominican Republic,DOM,25.557,25.069,24.385,23.738,23.103,22.464,21.86,21.829,22.12,22.344,22.167,21.871,21.522,21.179,20.844,20.538,20.239,20.009,19.848,19.43,18.957,18.571
"Birth rate, crude (per 1,000 people)",SP.DYN.CBRT.IN,Ecuador,ECU,25.645,25.142,24.655,24.18,23.73,23.317,22.968,22.604,22.501,22.427,21.887,21.78,20.944,19.656,18.896,18.357,17.622,17.677,17.523,16.924,16.391,15.882
"Birth rate, crude (per 1,000 people)",SP.DYN.CBRT.IN,"Egypt, Arab Rep.",EGY,27.392,27.252,27.076,26.866,26.569,26.566,26.562,26.849,26.976,27.209,27.491,27.476,28.117,28.591,28.393,28.184,26.679,26.1,23.592,22.267,22.004,21.154
"Birth rate, crude (per 1,000 people)",SP.DYN.CBRT.IN,El Salvador,SLV,27.132,25.826,24.406,23.144,22.065,21.373,20.972,20.566,20.045,19.835,19.69,19.618,19.39,19.185,19.014,18.579,17.73,17.122,16.683,16.57,16.303,16.15
"Birth rate, crude (per 1,000 people)",SP.DYN.CBRT.IN,Equatorial Guinea,GNQ,40.795,40.426,40.174,39.991,39.832,39.915,39.682,39.388,39.005,38.548,38.018,37.495,36.773,36.034,35.282,34.531,33.792,33.07,32.4,31.783,31.351,30.703
"Birth rate, crude (per 1,000 people)",SP.DYN.CBRT.IN,Eritrea,ERI,37.969,36.353,37.081,35.894,37,36.369,36.179,34.965,34.136,34.213,33.453,33.032,32.41,31.702,31.456,30.554,30.092,29.551,29.195,29.119,28.872,28.818
"Birth rate, crude (per 1,000 people)",SP.DYN.CBRT.IN,Estonia,EST,9.4,9.1,9.4,9.5,10.3,10.6,11,11.8,12,11.8,11.9,11.1,10.6,10.3,10.3,10.6,10.7,10.5,10.9,10.6,9.9,10
"Birth rate, crude (per 1,000 people)",SP.DYN.CBRT.IN,Eswatini,SWZ,32.59,32.44,32.247,32.333,32.557,32.535,32.232,32.163,32.28,31.889,30.867,30.402,29.952,29.646,29.02,28.308,27.623,26.926,26.412,25.889,25.39,24.957
"Birth rate, crude (per 1,000 people)",SP.DYN.CBRT.IN,Ethiopia,ETH,45.59,44.987,44.264,43.334,42.712,42.104,41.086,40.054,38.886,37.538,36.571,35.671,34.563,33.644,33.408,33.331,33.329,33.222,33.394,33.549,33.31,32.876
"Birth rate, crude (per 1,000 people)",SP.DYN.CBRT.IN,Faroe Islands,FRO,15.3,13.7,15.1,14.8,14.8,14.7,13.8,14,13.8,12.7,13.2,12,12.8,13,13.3,12.5,13.8,13.2,13.6,13.3,13.1,13
"Birth rate, crude (per 1,000 people)",SP.DYN.CBRT.IN,Fiji,FJI,24.328,24.272,24.339,24.265,24.128,24.003,23.964,23.716,23.293,22.839,22.328,21.76,21.583,21.495,21.291,20.998,20.55,20.029,19.601,19.226,18.828,18.55
"Birth rate, crude (per 1,000 people)",SP.DYN.CBRT.IN,Finland,FIN,11,10.8,10.7,10.9,11,11,11.2,11.1,11.2,11.3,11.4,11.1,11,10.7,10.5,10.1,9.6,9.1,8.6,8.3,8.4,9
"Birth rate, crude (per 1,000 people)",SP.DYN.CBRT.IN,France,FRA,13.3,13.1,12.9,12.8,12.8,12.8,13.1,12.8,12.9,12.8,12.9,12.7,12.6,12.4,12.4,12,11.8,11.5,11.3,11.2,10.9,10.9
"Birth rate, crude (per 1,000 people)",SP.DYN.CBRT.IN,French Polynesia,PYF,21.396,20.782,19.973,18.605,18.075,17.925,18.184,17.391,18.028,17.662,17.823,16.92,16.532,15.713,15.799,15.001,13.999,13.146,12.812,11.938,11.782,11.424
"Birth rate, crude (per 1,000 people)",SP.DYN.CBRT.IN,Gabon,GAB,33.429,33.228,33.076,32.869,32.748,32.682,32.612,32.585,32.617,32.869,33.031,33.011,32.49,31.919,31.384,31.085,30.983,30.774,30.537,30.146,29.541,28.938
"Birth rate, crude (per 1,000 people)",SP.DYN.CBRT.IN,"Gambia, The",GMB,41.055,40.517,40.027,39.728,39.709,39.686,39.884,39.537,39.151,38.941,38.872,38.808,38.814,38.097,36.907,35.746,34.593,33.451,32.324,31.921,31.525,31.171
"Birth rate, crude (per 1,000 people)",SP.DYN.CBRT.IN,Georgia,GEO,12.452,12.248,12.206,12.132,12.326,12.563,12.906,13.591,14.697,15.939,15.638,14.987,14.856,15.065,16.09,16.021,15.818,14.905,14.334,13.588,13.053,12.881
"Birth rate, crude (per 1,000 people)",SP.DYN.CBRT.IN,Germany,DEU,9.3,8.9,8.7,8.6,8.6,8.3,8.2,8.3,8.3,8.1,8.3,8.3,8.4,8.5,8.8,9,9.6,9.5,9.5,9.4,9.3,9.6
"Birth rate, crude (per 1,000 people)",SP.DYN.CBRT.IN,Ghana,GHA,35.898,35.62,35.223,34.779,34.282,34.403,33.877,33.223,32.789,32.585,32.672,32.685,32.519,32.219,31.547,31.114,30.172,28.926,28.388,27.891,27.43,27.034
"Birth rate, crude (per 1,000 people)",SP.DYN.CBRT.IN,Gibraltar,GIB,14.723,14.107,11.162,10.776,11.086,11.462,11.733,12.024,12.322,12.428,12.551,12.629,12.734,13.284,13.127,12.993,12.042,12.023,12,11.975,11.984,12
"Birth rate, crude (per 1,000 people)",SP.DYN.CBRT.IN,Greece,GRC,9.6,9.4,9.5,9.6,9.6,9.8,10.2,10.1,10.7,10.6,10.3,9.6,9.1,8.6,8.5,8.5,8.6,8.2,8.1,7.8,7.9,8.1
"Birth rate, crude (per 1,000 people)",SP.DYN.CBRT.IN,Greenland,GRL,15.6,16.7,16.9,15.5,15.7,15.6,14.8,15.1,14.8,15.9,15.4,14.4,13.8,14.5,14.3,15.2,14.8,15.2,14.6,15.1,14.8,13.4
"Birth rate, crude (per 1,000 people)",SP.DYN.CBRT.IN,Grenada,GRD,17.503,17.283,17.207,17.143,17.07,17.02,16.903,16.802,16.674,16.505,16.263,16.012,15.78,15.401,14.529,13.855,13.052,11.645,12.395,12.466,12.324,12.14
"Birth rate, crude (per 1,000 people)",SP.DYN.CBRT.IN,Guam,GUM,23.039,21.96,19.807,20.092,20.678,19.442,20.461,20.961,20.771,20.497,20.939,20.152,21.7,19.939,20.228,19.936,21.377,20.622,19.818,19.256,18.613,18.296
"Birth rate, crude (per 1,000 people)",SP.DYN.CBRT.IN,Guatemala,GTM,34.708,34.156,33.267,32.47,31.726,30.777,30.024,29.422,28.678,28.199,27.821,27.516,27.231,26.716,26.467,26.222,25.957,25.171,24.315,23.089,22.043,21.407
"Birth rate, crude (per 1,000 people)",SP.DYN.CBRT.IN,Guinea,GIN,41.833,41.318,40.56,40.284,40.244,40.411,40.307,40.207,40.08,39.928,39.635,39.165,38.7,38.379,38.046,37.767,37.414,36.891,36.329,35.952,35.518,34.983
"Birth rate, crude (per 1,000 people)",SP.DYN.CBRT.IN,Guinea-Bissau,GNB,42.346,41.794,41.564,41.296,40.801,40.571,40.253,40.016,39.348,38.748,38.308,38.019,37.577,37.082,36.096,35.199,34.217,33.036,32.374,31.848,31.406,30.969
"Birth rate, crude (per 1,000 people)",SP.DYN.CBRT.IN,Guyana,GUY,26.231,25.039,23.763,22.703,22.02,21.664,21.72,21.887,22.028,22.055,22.058,22.252,22.318,22.562,22.606,22.516,22.332,22.044,21.236,21.945,21.254,20.961
"Birth rate, crude (per 1,000 people)",SP.DYN.CBRT.IN,Haiti,HTI,32.153,31.278,30.572,30.164,29.642,29.158,28.881,28.55,28.283,28.061,27.72,27.356,26.685,26.065,25.751,25.444,25.102,24.645,24.222,23.774,23.338,22.919
"Birth rate, crude (per 1,000 people)",SP.DYN.CBRT.IN,Honduras,HND,34.175,33.357,32.375,31.355,30.487,29.613,28.743,28.114,27.525,26.96,26.316,25.776,25.306,24.803,24.388,24.084,23.804,23.504,23.392,23.111,22.803,22.529
"Birth rate, crude (per 1,000 people)",SP.DYN.CBRT.IN,"Hong Kong SAR, China",HKG,8.1,7.2,7.1,6.9,7.2,8.4,9.6,10.2,11.3,11.8,12.6,13.5,12.8,8,8.6,8.2,8.3,7.6,7.2,7,5.8,5
"Birth rate, crude (per 1,000 people)",SP.DYN.CBRT.IN,Hungary,HUN,9.6,9.5,9.5,9.3,9.4,9.7,9.9,9.7,9.9,9.6,9,8.8,9.1,9.1,9.5,9.4,9.8,9.7,9.6,9.6,9.7,9.8
"Birth rate, crude (per 1,000 people)",SP.DYN.CBRT.IN,Iceland,ISL,15.3,14.4,14.1,14.3,14.5,14.4,14.5,14.6,15.2,15.8,15.4,14.1,14.1,13.4,13.4,12.5,12,11.9,12,12.3,12.3,13.1
"Birth rate, crude (per 1,000 people)",SP.DYN.CBRT.IN,India,IND,27.518,27.206,26.538,25.783,25.121,24.304,23.564,22.932,22.506,22.211,21.633,21.156,20.672,20.061,19.089,18.936,18.756,17.995,17.91,17.368,16.744,16.491
"Birth rate, crude (per 1,000 people)",SP.DYN.CBRT.IN,Indonesia,IDN,21.688,21.386,21.107,20.834,20.796,21.018,20.943,20.968,20.511,20.375,20.362,20.611,20.41,19.643,19.091,18.569,18.138,17.54,17.146,16.909,16.674,16.417
"Birth rate, crude (per 1,000 people)",SP.DYN.CBRT.IN,"Iran, Islamic Rep.",IRN,15.966,15.935,15.947,15.878,16.176,16.385,16.725,16.971,17.095,17.157,17.276,17.673,18.138,18.531,18.828,18.879,18.787,18.045,16.664,14.918,14.008,13.687
"Birth rate, crude (per 1,000 people)",SP.DYN.CBRT.IN,Iraq,IRQ,36.107,35.547,34.791,34.524,34.344,33.944,34.964,34.503,33.649,33.928,34.604,35.493,34.833,34.14,33.329,31.562,29.816,28.304,27.664,27.252,26.84,26.448
"Birth rate, crude (per 1,000 people)",SP.DYN.CBRT.IN,Ireland,IRL,14.4,15,15.4,15.4,15.2,14.8,15.3,16.2,16.7,16.7,16.5,16.2,15.6,14.9,14.4,13.9,13.4,12.8,12.5,11.9,11.1,11.8
"Birth rate, crude (per 1,000 people)",SP.DYN.CBRT.IN,Isle of Man,IMN,12.487,12.39,12.164,11.818,11.543,11.598,11.674,11.664,11.626,11.486,11.312,11.095,10.763,10.418,10.113,9.769,9.436,9.193,8.995,8.826,8.683,8.54
"Birth rate, crude (per 1,000 people)",SP.DYN.CBRT.IN,Israel,ISR,21.7,21.2,21.2,21.7,21.3,20.8,21,21.1,21.5,21.5,21.8,21.4,21.6,21.3,21.5,21.3,21.2,21.1,20.8,20.1,19.2,19.7
"Birth rate, crude (per 1,000 people)",SP.DYN.CBRT.IN,Italy,ITA,9.5,9.4,9.4,9.5,9.7,9.5,9.6,9.6,9.7,9.6,9.4,9.1,8.9,8.5,8.3,8.1,7.9,7.6,7.3,7,6.8,6.8
"Birth rate, crude (per 1,000 people)",SP.DYN.CBRT.IN,Jamaica,JAM,20.131,19.675,19.43,19.189,18.795,18.357,17.85,17.308,16.734,16.161,15.555,14.93,14.409,13.979,13.62,13.318,12.941,12.593,12.305,12.169,12.016,11.954
"Birth rate, crude (per 1,000 people)",SP.DYN.CBRT.IN,Japan,JPN,9.5,9.3,9.2,8.9,8.8,8.4,8.7,8.6,8.7,8.5,8.5,8.3,8.2,8.2,8,8,7.8,7.6,7.4,7,6.8,6.6
"Birth rate, crude (per 1,000 people)",SP.DYN.CBRT.IN,Jordan,JOR,29.054,28.516,28.479,28.475,27.743,27.156,26.457,28.189,28.707,28.568,28.07,27.398,26.895,24.926,24.324,23.653,23.748,23.217,22.677,22.236,21.726,21.309
"Birth rate, crude (per 1,000 people)",SP.DYN.CBRT.IN,Kazakhstan,KAZ,15.828,15.939,16.423,17.516,18.691,19.43,20.462,21.533,22.714,22.413,22.615,22.489,22.643,22.646,23.017,22.513,22.34,21.435,21.702,21.424,22.57,23.271
"Birth rate, crude (per 1,000 people)",SP.DYN.CBRT.IN,Kenya,KEN,40.238,40.188,39.938,39.459,39.1,38.783,38.492,38.299,37.851,37.169,36.266,35.009,33.674,32.427,31.542,30.908,30.202,29.602,29.037,28.226,27.782,27.611
"Birth rate, crude (per 1,000 people)",SP.DYN.CBRT.IN,Kiribati,KIR,31.498,30.524,29.414,28.58,28.894,29.181,29.738,30.347,30.831,31.084,31.247,31.427,30.798,30.046,29.313,28.858,28.508,28.275,28.112,27.826,27.355,26.909
"Birth rate, crude (per 1,000 people)",SP.DYN.CBRT.IN,"Korea, Dem. People's Rep.",PRK,17.521,16.894,16.05,15.318,14.599,13.903,14.021,13.856,13.923,13.403,13.294,13.273,13.316,13.357,13.411,13.423,13.458,13.474,13.427,13.405,13.391,13.267
"Birth rate, crude (per 1,000 people)",SP.DYN.CBRT.IN,"Korea, Rep.",KOR,13.5,11.7,10.3,10.2,9.8,9,9.2,10.1,9.4,9,9.4,9.4,9.6,8.6,8.6,8.6,7.9,7,6.4,5.9,5.3,5.1
"Birth rate, crude (per 1,000 people)",SP.DYN.CBRT.IN,Kosovo,XKX,18.117,18.58,19.037,18.83,19.519,20.077,19.688,19.453,19.733,19.623,18.83,17.137,16.516,16.453,15.797,14.723,13.172,12.962,12.736,12.618,12.335,12.546
"Birth rate, crude (per 1,000 people)",SP.DYN.CBRT.IN,Kuwait,KWT,22.39,22.274,22.253,22.404,22.641,22.315,21.495,20.624,19.956,19.484,18.876,18.058,17.754,16.818,16.712,15.391,14.662,14.256,12.825,12.06,11.6919249210071,12.234184852521
"Birth rate, crude (per 1,000 people)",SP.DYN.CBRT.IN,Kyrgyz Republic,KGZ,19.8,19.8,20.2,20.9,21.5,21.3,23.1,23.4,23.9,25.2,26.8,27.1,27.6,27.2,27.7,27.4,26,24.8,27.1,26.9,24,22.4
"Birth rate, crude (per 1,000 people)",SP.DYN.CBRT.IN,Lao PDR,LAO,32.901,32.112,31.18,30.66,30.075,28.788,28.365,28.124,27.882,27.569,27.195,26.777,26.174,25.623,25.049,24.962,24.567,24.117,23.599,23.151,22.618,22.147
"Birth rate, crude (per 1,000 people)",SP.DYN.CBRT.IN,Latvia,LVA,8.6,8.4,8.7,9.2,9.1,9.8,10.3,10.9,11.2,10.3,9.4,9.1,9.8,10.2,10.9,11.1,11.2,10.7,10,9.8,9.2,9.2
"Birth rate, crude (per 1,000 people)",SP.DYN.CBRT.IN,Lebanon,LBN,21.306,21.056,20.624,20.002,19.347,18.668,18.27,17.945,17.793,17.99,18.605,19.033,18.962,18.016,18.812,19.555,19.197,18.648,18.09,17.622,16.912,16.573
"Birth rate, crude (per 1,000 people)",SP.DYN.CBRT.IN,Lesotho,LSO,28.248,28.716,29.365,29.294,28.736,28.561,28.627,29.484,29.642,29.354,29.163,30.209,30.027,29.988,29.5,29.178,28.932,28.241,27.361,26.44,25.628,24.896
"Birth rate, crude (per 1,000 people)",SP.DYN.CBRT.IN,Liberia,LBR,43.238,42.571,42.001,42.001,41.116,40.619,40.842,40.397,39.663,38.81,37.967,36.93,37.426,36.234,35.221,34.343,33.926,33.384,32.955,32.431,31.923,31.524
"Birth rate, crude (per 1,000 people)",SP.DYN.CBRT.IN,Libya,LBY,21.691,22.057,22.497,22.92,23.376,23.903,23.931,23.712,23.437,23.155,23.545,24.905,22.587,22.54,22.623,21.921,21.252,20.511,19.844,19.241,18.737,18.176
"Birth rate, crude (per 1,000 people)",SP.DYN.CBRT.IN,Liechtenstein,LIE,12.9,12.1,11.7,10.2,10.8,11,10.3,10,9.9,11.4,9.1,10.9,9.7,9.2,10,8.7,10,8.9,9.9,9.2,9.1,9.6
"Birth rate, crude (per 1,000 people)",SP.DYN.CBRT.IN,Lithuania,LTU,9.8,9,8.6,8.8,8.8,8.9,9.1,9.3,9.9,10.2,9.9,10,10,9.7,10,10.3,10.3,9.8,9.5,8.9,8.4,8.3
"Birth rate, crude (per 1,000 people)",SP.DYN.CBRT.IN,Luxembourg,LUX,13.1,12.4,12,11.7,11.9,11.5,11.7,11.4,11.5,11.3,11.6,10.9,11.3,11.3,10.9,10.7,10.4,10.4,10.3,10,10.2,10.5
"Birth rate, crude (per 1,000 people)",SP.DYN.CBRT.IN,"Macao SAR, China",MAC,8.9,7.5,7.2,7.2,7.3,7.8,8.1,8.7,8.7,8.9,9.5,10.6,12.9,11.1,11.8,11,11,10.1,9,8.9,8.1,7.4
"Birth rate, crude (per 1,000 people)",SP.DYN.CBRT.IN,Madagascar,MDG,42,41.116,40.202,39.513,38.976,38.446,38.007,37.754,37.537,37.396,36.746,35.751,35.061,34.672,34.18,33.771,33.613,33.592,33.651,33.594,33.31,32.911
"Birth rate, crude (per 1,000 people)",SP.DYN.CBRT.IN,Malawi,MWI,44.572,44.179,43.955,43.907,43.965,44.003,43.755,43.274,42.564,41.745,40.686,39.69,38.564,37.722,36.503,35.296,34.225,33.682,33.227,32.902,32.536,32.066
"Birth rate, crude (per 1,000 people)",SP.DYN.CBRT.IN,Malaysia,MYS,22.603,21.401,20.089,19.55,18.682,17.94,17.395,17.091,17.356,17.29,16.906,17.186,17.002,16.761,16.724,16.336,15.789,15.329,14.808,14.233,13.393,12.385
"Birth rate, crude (per 1,000 people)",SP.DYN.CBRT.IN,Maldives,MDV,19.916,19.105,18.666,18.448,18.326,18.322,18.819,19.955,20.904,21.267,20.889,20.401,19.774,18.803,17.76,16.664,15.512,14.342,13.395,12.597,12.112,11.694
"Birth rate, crude (per 1,000 people)",SP.DYN.CBRT.IN,Mali,MLI,47.091,47.14,47.348,47.566,47.774,47.891,47.602,47.394,47.203,47.015,46.892,46.477,46.279,45.461,44.983,44.474,43.911,43.444,42.585,41.139,40.959,40.707
"Birth rate, crude (per 1,000 people)",SP.DYN.CBRT.IN,Malta,MLT,11.3,10.1,9.9,10.2,9.7,9.6,9.3,9.3,9.8,9.8,9.4,10,9.8,9.5,9.6,9.7,9.8,9.2,9.2,8.6,8.6,8.5
"Birth rate, crude (per 1,000 people)",SP.DYN.CBRT.IN,Marshall Islands,MHL,38.152,37.834,37.611,37.593,37.417,37.188,36.551,35.59,34.331,32.793,30.935,29.216,27.707,26.395,25.695,25.164,24.72,24.391,24.066,23.736,23.439,23.176
"Birth rate, crude (per 1,000 people)",SP.DYN.CBRT.IN,Mauritania,MRT,37.914,37.983,37.855,37.912,38.273,38.436,38.762,39.041,39.074,39.005,38.939,38.941,38.74,38.509,38.127,37.778,37.402,37.046,36.621,36.211,35.735,35.342
"Birth rate, crude (per 1,000 people)",SP.DYN.CBRT.IN,Mauritius,MUS,17,16.5,16.6,15.9,15.7,15.3,14.3,13.7,13.2,12.3,12,11.7,11.5,10.9,10.6,10.1,10.4,10.7,10.2,10.2,10.6,10.3
"Birth rate, crude (per 1,000 people)",SP.DYN.CBRT.IN,Mexico,MEX,24.192,23.779,23.379,22.832,22.369,21.912,21.482,21.11,20.82,20.567,20.331,20.095,19.855,19.557,18.959,18.227,17.69,17.214,17.037,16.877,16.565,16.353
"Birth rate, crude (per 1,000 people)",SP.DYN.CBRT.IN,"Micronesia, Fed. Sts.",FSM,32.151,31.445,30.474,29.593,28.966,28.391,27.762,27.095,26.413,25.821,25.211,24.742,24.37,24.03,23.781,23.573,23.352,23.169,23.056,22.891,22.693,22.686
"Birth rate, crude (per 1,000 people)",SP.DYN.CBRT.IN,Moldova,MDA,11.708,11.68,11.683,12.166,12.984,13.119,13.298,13.691,14.256,14.951,14.785,14.264,14.251,13.795,15.295,15.227,14.88,13.762,13.275,12.637,12.077,11.521
"Birth rate, crude (per 1,000 people)",SP.DYN.CBRT.IN,Monaco,MCO,12.23,12.561,11.341,10.612,10.855,10.735,11.072,11.483,12.176,11.821,11.328,10.209,10.28,10.131,10.684,10.585,10.757,10.001,10.194,9.965,9.746,8.689
"Birth rate, crude (per 1,000 people)",SP.DYN.CBRT.IN,Mongolia,MNG,20.794,20.257,19.424,18.648,18.398,18.566,19.96,21.889,23.899,24.816,23.1,25.1,26,27.5,28,27.1,25.9,23.9,24.5,24.4,23.4,21.6
"Birth rate, crude (per 1,000 people)",SP.DYN.CBRT.IN,Montenegro,MNE,15.2,14.6,13.9,13.6,12.8,12,12.3,12.7,13.4,14,12,11.6,12,12,12.1,11.8,12.1,11.9,11.6,11.5,11.3,11.3
"Birth rate, crude (per 1,000 people)",SP.DYN.CBRT.IN,Morocco,MAR,22.689,22.087,21.6,21.589,21.686,21.818,21.858,21.922,21.859,21.913,21.871,21.506,20.978,20.341,19.787,19.488,19.224,18.918,18.573,18.258,17.85,17.458
"Birth rate, crude (per 1,000 people)",SP.DYN.CBRT.IN,Mozambique,MOZ,43.583,43.073,42.473,41.971,41.638,41.356,41.117,41.268,42.277,42.908,42.806,42.454,42.019,41.554,40.792,40.426,40.093,39.755,39.448,39.117,38.736,38.403
"Birth rate, crude (per 1,000 people)",SP.DYN.CBRT.IN,Myanmar,MMR,23.164,23.06,22.892,22.252,21.531,20.966,20.599,20.373,19.993,19.681,19.365,19.086,18.819,18.684,18.551,18.608,18.561,18.341,18.054,17.774,17.456,17.201
"Birth rate, crude (per 1,000 people)",SP.DYN.CBRT.IN,Namibia,NAM,31.612,30.481,29.636,29.028,28.918,29.316,29.734,29.979,30.265,30.616,31.006,31.142,31.352,31.177,31.011,30.668,30.31,29.652,29.067,28.386,27.687,27.022
"Birth rate, crude (per 1,000 people)",SP.DYN.CBRT.IN,Nauru,NRU,28.238,27.945,27.752,27.884,28.1,28.451,29.076,30.408,32.27,34.272,36.097,36.803,36.144,35.342,34.687,34.223,33.578,32.241,30.66,29.581,28.662,27.787
"Birth rate, crude (per 1,000 people)",SP.DYN.CBRT.IN,Nepal,NPL,30.959,29.777,28.641,27.732,26.837,25.837,24.936,24.351,23.729,23.236,22.851,22.653,22.651,22.458,22.39,22.141,21.943,21.572,21.122,20.648,20.168,19.675
"Birth rate, crude (per 1,000 people)",SP.DYN.CBRT.IN,Netherlands,NLD,13,12.6,12.5,12.3,11.9,11.5,11.3,11.1,11.2,11.2,11.1,10.8,10.5,10.2,10.4,10.1,10.1,9.9,9.8,9.8,9.7,10.2
"Birth rate, crude (per 1,000 people)",SP.DYN.CBRT.IN,New Caledonia,NCL,21.201,20.304,19.529,18.705,18.372,18.105,18.028,17.636,17.345,17.013,16.774,16.834,16.788,16.442,16.031,15.735,15.672,15.327,15.228,15.183,14.903,14.747
"Birth rate, crude (per 1,000 people)",SP.DYN.CBRT.IN,New Zealand,NZL,14.66,14.36,13.67,13.94,14.2,13.96,14.14,15.15,15.1,14.53,14.68,14,13.87,13.2,12.67,13.23,12.6,12.38,11.84,11.96,11.32,11.48
"Birth rate, crude (per 1,000 people)",SP.DYN.CBRT.IN,Nicaragua,NIC,27.885,27.034,26.28,25.925,25.675,25.611,25.428,25.176,24.893,24.611,24.345,23.959,23.615,23.203,22.836,22.449,22.06,21.647,21.209,20.808,20.45,20.044
"Birth rate, crude (per 1,000 people)",SP.DYN.CBRT.IN,Niger,NER,53.39,53.015,52.581,52.178,51.776,51.417,50.967,50.594,50.172,49.8,49.353,48.823,48.217,47.796,47.2,46.577,45.881,45.057,44.181,43.366,42.6,41.932
"Birth rate, crude (per 1,000 people)",SP.DYN.CBRT.IN,Nigeria,NGA,43.892,43.934,43.822,43.71,43.474,43.37,43.172,42.897,42.803,42.497,42.139,41.793,41.116,40.441,39.892,38.951,37.771,36.693,35.69,34.685,33.732,33.546
"Birth rate, crude (per 1,000 people)",SP.DYN.CBRT.IN,North Macedonia,MKD,14.5,13.3,13.7,13.3,11.5,11,11.1,11.1,11.2,11.5,11.8,11.1,11.4,11.2,11.4,11.1,11.0987266524808,10.5,10.3,9.6,9.2,10.2
"Birth rate, crude (per 1,000 people)",SP.DYN.CBRT.IN,Northern Mariana Islands,MNP,21.957,23.055,21.196,22.594,22.887,22.96,24.494,24.231,22.747,20.624,20.67,21.409,21.778,22.776,21.455,19.791,18.374,17.324,16.559,16.029,15.487,14.824
"Birth rate, crude (per 1,000 people)",SP.DYN.CBRT.IN,Norway,NOR,13.2,12.6,12.2,12.4,12.4,12.3,12.6,12.4,12.7,12.8,12.6,12.2,12,11.6,11.5,11.3,11.2,10.7,10.4,10.2,9.8,10.4
"Birth rate, crude (per 1,000 people)",SP.DYN.CBRT.IN,Oman,OMN,23.841,23.255,22.832,22.485,21.785,20.933,20.211,19.909,20.571,21.921,23.352,21.582,20.686,20.947,21.166,20.992,20.544,20.155,19.269,18.858,18.856,18.337
"Birth rate, crude (per 1,000 people)",SP.DYN.CBRT.IN,Pakistan,PAK,36.541,35.71,34.883,34.295,33.21,32.887,33.162,33.262,33.583,33.609,33.525,33.045,32.48,31.902,31.303,30.697,29.956,29.738,29.343,28.986,28.625,28.384
"Birth rate, crude (per 1,000 people)",SP.DYN.CBRT.IN,Palau,PLW,14.377,14.479,14.458,14.291,14.027,13.94,13.81,13.741,13.676,13.649,13.65,13.8,13.99,14.024,13.362,12.582,12.741,12.437,12.004,11.921,11.624,11.377
"Birth rate, crude (per 1,000 people)",SP.DYN.CBRT.IN,Panama,PAN,23.51,23.22,22.917,22.65,22.548,22.1,21.784,21.591,21.426,21.177,20.984,20.98,20.732,20.42,20.147,19.839,19.495,19.081,18.52,17.57,16.718,16.401
"Birth rate, crude (per 1,000 people)",SP.DYN.CBRT.IN,Papua New Guinea,PNG,34.423,34.214,33.983,33.675,33.206,32.813,32.362,31.921,31.549,31.074,30.734,30.304,29.802,29.354,28.899,28.375,27.865,27.361,26.956,26.466,26.092,25.582
"Birth rate, crude (per 1,000 people)",SP.DYN.CBRT.IN,Paraguay,PRY,26.885,25.933,25.109,24.412,24.089,23.72,23.301,23.019,22.989,22.907,22.544,22.483,22.559,22.474,22.635,22.662,22.487,22.166,21.836,21.421,21.036,20.689
"Birth rate, crude (per 1,000 people)",SP.DYN.CBRT.IN,Peru,PER,23.836,23.028,22.599,22.33,22.392,22.089,21.821,21.446,20.908,20.444,19.884,19.75,19.21,18.82,18.366,17.948,17.565,17.254,16.93,16.853,16.61,16.398
"Birth rate, crude (per 1,000 people)",SP.DYN.CBRT.IN,Philippines,PHL,29.285,29.145,28.534,28.101,27.629,27.154,27.419,27,27.12,26.987,26.564,26.007,25.22,24.56,23.404,22.933,21.76,20.571,19.418,18.104,17.017,16.108
"Birth rate, crude (per 1,000 people)",SP.DYN.CBRT.IN,Poland,POL,9.9,9.6,9.3,9.2,9.3,9.5,9.8,10.2,10.9,10.9,10.9,10.2,10.1,9.7,9.9,9.7,10.1,10.6,10.2,9.9,9.5,9
"Birth rate, crude (per 1,000 people)",SP.DYN.CBRT.IN,Portugal,PRT,11.7,10.9,11,10.8,10.4,10.4,10,9.7,9.9,9.4,9.6,9.2,8.5,7.9,7.9,8.2,8.4,8.3,8.4,8.4,8.1,7.6
"Birth rate, crude (per 1,000 people)",SP.DYN.CBRT.IN,Puerto Rico (US),PRI,15.59,14.59,13.7,13.1,13.16,12.96,12.41,11.86,11.79,11.72,11.3,11.1,10.6,10.1,9.7,9,8.3,7.3,6.7,6.4,6,5.9
"Birth rate, crude (per 1,000 people)",SP.DYN.CBRT.IN,Qatar,QAT,17.318,17.59,17.352,16.921,16.259,15.436,11.972,10.783,11.226,10.98,11.223,11.33,11.397,11.367,11.131,10.596,9.969,10.031,9.921,9.979,10.046,9.555
"Birth rate, crude (per 1,000 people)",SP.DYN.CBRT.IN,Romania,ROU,10.4,10,9.7,9.8,10.1,10.4,10.4,10.3,10.8,10.9,10.5,9.7,10,9.4,10,10.2,10.4,10.8,10.4,10.3,10.3,10.1
"Birth rate, crude (per 1,000 people)",SP.DYN.CBRT.IN,Russian Federation,RUS,8.7,9,9.7,10.2,10.4,10.2,10.3,11.3,12,12.3,12.5,12.6,13.3,13.2,13.3,13.3,12.9,11.5,10.9,10.1,9.8,9.6
"Birth rate, crude (per 1,000 people)",SP.DYN.CBRT.IN,Rwanda,RWA,42.112,42.113,41.784,41.402,41.145,40.638,39.861,38.833,37.643,36.315,35.149,33.8,32.852,32.409,32.24,32.098,31.971,31.666,31.231,30.672,30.021,29.389
"Birth rate, crude (per 1,000 people)",SP.DYN.CBRT.IN,Samoa,WSM,32.057,31.254,30.558,30.172,29.774,29.522,29.326,29.329,29.769,30.135,30.537,30.785,30.69,30.533,30.248,29.816,29.279,28.795,28.488,27.957,27.453,26.891
"Birth rate, crude (per 1,000 people)",SP.DYN.CBRT.IN,San Marino,SMR,12.004,12.82,11.935,10.661,10.4,9.5,10,9.4,11,10.7,10.3,10,8.7,9.7,9.1,8.2,7.9,6.7,6.8,6.7,6.4,6.2
"Birth rate, crude (per 1,000 people)",SP.DYN.CBRT.IN,Sao Tome and Principe,STP,39.748,39.965,39.841,39.551,39.206,38.979,38.851,38.915,38.468,37.892,37.323,36.847,36.364,35.361,34.27,33.025,31.691,30.564,29.804,29.229,28.643,28.518
"Birth rate, crude (per 1,000 people)",SP.DYN.CBRT.IN,Saudi Arabia,SAU,27.49,25.528,23.767,22.302,21.274,21.062,21.35,21.73,21.314,20.802,20.127,20.324,20.387,19.712,19.822,19.405,19.553,19.824,19.739,18.075,16.628,15.902
"Birth rate, crude (per 1,000 people)",SP.DYN.CBRT.IN,Senegal,SEN,39.3,38.858,38.624,38.675,38.381,37.984,37.583,37.272,37.344,37.29,37.254,37.391,37.536,36.748,35.48,34.505,33.828,32.801,31.596,30.405,29.931,29.71
"Birth rate, crude (per 1,000 people)",SP.DYN.CBRT.IN,Serbia,SRB,9.8,10.5,10.4,10.6,10.5,9.7,9.58,9.22,9.4,9.6,9.4,9.1,9.3,9.2,9.3,9.3,9.2,9.2,9.2,9.3,8.9,9.1
"Birth rate, crude (per 1,000 people)",SP.DYN.CBRT.IN,Seychelles,SYC,18.6,17.7,17.7,18.1,17.4,18.5,17.3,17.6,17.8,18.1,16.8,18.6,18.6,17.4,17,17,17.4,17.2,17.1,16.4,15.8,16.8
"Birth rate, crude (per 1,000 people)",SP.DYN.CBRT.IN,Sierra Leone,SLE,45.045,44.013,44.281,43.473,42.465,41.97,41.807,41.058,40.589,39.853,39.115,38.518,37.775,36.6,35.62,34.658,34.194,33.808,33.34,32.808,32.196,31.644
"Birth rate, crude (per 1,000 people)",SP.DYN.CBRT.IN,Singapore,SGP,13.7,11.8,11.4,10.5,10.3,10.2,10.3,10.3,10.2,9.9,9.3,9.5,10.1,9.3,9.8,9.7,9.4,8.9,8.8,8.8,8.5,8.6
"Birth rate, crude (per 1,000 people)",SP.DYN.CBRT.IN,Sint Maarten (Dutch part),SXM,17.552,16.315,15.176,14.29,13.698,13.505,13.688,12.112,13.124,12.844,13.666,14.445,14.085,13.544,12.925,12.247,11.523,10.919,10.456,10.024,9.745,9.47
"Birth rate, crude (per 1,000 people)",SP.DYN.CBRT.IN,Slovak Republic,SVK,10.2,9.5,9.5,9.6,10,10.1,10,10.1,10.7,11.4,11.2,11.3,10.3,10.1,10.2,10.3,10.6,10.7,10.6,10.5,10.4,10.4
"Birth rate, crude (per 1,000 people)",SP.DYN.CBRT.IN,Slovenia,SVN,9.1,8.8,8.8,8.7,9,9.1,9.4,9.8,10.8,10.7,10.9,10.7,10.7,10.2,10.3,10,9.9,9.8,9.4,9.3,8.9,9
"Birth rate, crude (per 1,000 people)",SP.DYN.CBRT.IN,Solomon Islands,SLB,35.445,35.116,34.841,34.612,34.288,34.027,33.993,33.944,33.847,33.678,33.203,32.962,32.734,32.486,32.554,31.895,31.137,30.083,29.147,28.413,27.966,27.699
"Birth rate, crude (per 1,000 people)",SP.DYN.CBRT.IN,"Somalia, Fed. Rep.",SOM,50.443,50.374,50.373,50.123,49.904,49.615,49.391,48.908,48.763,48.426,48.062,48.58,48.159,47.744,47.457,47.171,46.561,46.155,45.67,45.139,44.544,44.094
"Birth rate, crude (per 1,000 people)",SP.DYN.CBRT.IN,South Africa,ZAF,21.567,21.266,20.928,21.388,22.136,22.718,23.144,23.088,24.33,22.779,22.178,22.075,22.118,21.894,21.784,21.007,20.27,20.038,19.85,19.694,19.522,19.354
"Birth rate, crude (per 1,000 people)",SP.DYN.CBRT.IN,South Sudan,SSD,49.816,48.921,48.029,46.77,45.513,44.3,43.183,42.307,41.624,41.025,39.878,39.791,39.141,38.295,38.191,35.407,35.052,32.802,29.068,29.421,29.441,29.693
"Birth rate, crude (per 1,000 people)",SP.DYN.CBRT.IN,Spain,ESP,9.8,9.9,10.1,10.4,10.6,10.6,10.8,10.9,11.3,10.6,10.4,10.1,9.7,9.1,9.2,9,8.8,8.4,7.9,7.6,7.2,7.1
"Birth rate, crude (per 1,000 people)",SP.DYN.CBRT.IN,Sri Lanka,LKA,18.402,18.95,19.172,19.093,18.826,18.716,18.852,18.81,18.204,17.628,17.147,17.091,17.148,17.028,16.522,16.022,15.651,15.371,15.15,14.6,13.8,12.9
"Birth rate, crude (per 1,000 people)",SP.DYN.CBRT.IN,St. Kitts and Nevis,KNA,17.721,17.282,16.939,16.752,16.511,16.324,16.131,15.896,15.58,15.281,14.947,14.695,14.446,14.142,13.958,13.737,13.615,13.376,13.108,12.86,12.575,12.272
"Birth rate, crude (per 1,000 people)",SP.DYN.CBRT.IN,St. Lucia,LCA,18.83,18.034,17.328,16.622,16.028,15.632,15.302,14.773,14.55,14.599,13.789,12.394,12.448,12.493,12.394,12.308,12.209,12.1,11.979,11.853,11.713,11.572
"Birth rate, crude (per 1,000 people)",SP.DYN.CBRT.IN,St. Martin (French part),MAF,25.955,25.597,25.135,24.553,23.849,23.141,22.291,21.392,20.483,19.585,18.976,19.064,21.642,20.986,20.638,20.015,19.47,19.175,19.421,18.955,17.602,17.544
"Birth rate, crude (per 1,000 people)",SP.DYN.CBRT.IN,St. Vincent and the Grenadines,VCT,19.18,18.91,18.236,17.622,17.113,16.883,16.483,16.589,17.126,17.181,16.783,16.093,16.2,16.021,16.119,15.888,15.141,14.13,13.678,13.26,12.835,12.638
"Birth rate, crude (per 1,000 people)",SP.DYN.CBRT.IN,Sudan,SDN,40.836,40.65,40.439,40.206,39.967,39.612,39.187,38.871,38.392,38.084,37.987,37.317,36.59,36.015,35.491,35.683,35.412,35.023,35.074,34.909,34.48,33.913
"Birth rate, crude (per 1,000 people)",SP.DYN.CBRT.IN,Suriname,SUR,25.518,25.357,24.254,23.021,22.053,21.701,21.673,21.569,21.338,21.053,20.718,20.423,20.332,20.123,19.859,19.479,18.942,18.448,18.092,17.869,17.692,17.577
"Birth rate, crude (per 1,000 people)",SP.DYN.CBRT.IN,Sweden,SWE,10.2,10.3,10.7,11.1,11.2,11.2,11.7,11.7,11.9,12,12.3,11.8,11.9,11.8,11.9,11.7,11.8,11.5,11.4,11.1,10.9,11
"Birth rate, crude (per 1,000 people)",SP.DYN.CBRT.IN,Switzerland,CHE,10.9,10,9.9,9.8,9.9,9.8,9.8,9.9,10,10.1,10.3,10.2,10.3,10.2,10.4,10.5,10.5,10.3,10.3,10,9.9,10.3
"Birth rate, crude (per 1,000 people)",SP.DYN.CBRT.IN,Syrian Arab Republic,SYR,31.204,30.744,30.133,29.577,29.117,28.828,28.273,29.074,30.464,29.249,28.673,28.11,27.722,26.868,23.784,21.298,19.619,19.585,18.932,19.717,20.64,21.172
"Birth rate, crude (per 1,000 people)",SP.DYN.CBRT.IN,Tajikistan,TJK,29.109,29.267,29.183,28.951,29.889,29.27,29.227,29.927,30.57,31.411,31.984,32.205,32.012,32.145,32.233,31.994,30.941,29.65,29.459,29.168,28.361,27.744
"Birth rate, crude (per 1,000 people)",SP.DYN.CBRT.IN,Tanzania,TZA,41.528,41.398,41.171,41.335,41.527,41.465,40.973,40.168,39.579,39.162,38.756,38.108,38.102,38.408,38.355,37.622,37.632,37.611,37.335,36.883,36.437,36.015
"Birth rate, crude (per 1,000 people)",SP.DYN.CBRT.IN,Thailand,THA,15.027,14.665,14.335,14.053,13.82,13.488,13.208,12.926,12.525,12.188,12.009,11.943,11.758,11.367,10.95,10.594,10.111,9.765,9.4,9.056,8.792,8.544
"Birth rate, crude (per 1,000 people)",SP.DYN.CBRT.IN,Timor-Leste,TLS,38.642,38.039,37.998,38.365,37.526,36.236,35.061,34.046,33.097,32.25,31.488,30.679,29.794,28.962,28.055,27.06,26.15,25.251,24.481,23.855,23.352,22.73
"Birth rate, crude (per 1,000 people)",SP.DYN.CBRT.IN,Togo,TGO,37.948,37.903,37.776,37.528,37.14,37.434,37.661,38.005,37.953,38.043,37.91,37.105,36.144,35.414,34.996,34.669,34.409,33.923,33.413,32.925,32.454,32.015
"Birth rate, crude (per 1,000 people)",SP.DYN.CBRT.IN,Tonga,TON,29.396,29.364,29.549,29.887,29.997,30.013,29.519,29.038,28.717,28.398,28.008,27.656,27.277,26.866,26.391,25.834,25.229,24.514,24.144,23.849,23.634,23.507
"Birth rate, crude (per 1,000 people)",SP.DYN.CBRT.IN,Trinidad and Tobago,TTO,14.869,14.731,14.528,14.407,14.286,14.33,14.39,14.372,14.287,14.221,14.087,13.928,13.749,13.51,13.289,13.031,12.804,12.491,12.06,12.088,11.647,11.291
"Birth rate, crude (per 1,000 people)",SP.DYN.CBRT.IN,Tunisia,TUN,16.549,16.227,16.036,16.249,16.333,16.496,16.612,16.769,17.008,17.303,17.94,18.892,19.58,19.755,19.658,19.415,18.954,18.168,17.344,16.82,15.787,13.999
"Birth rate, crude (per 1,000 people)",SP.DYN.CBRT.IN,Turkiye,TUR,21.42,20.593,19.531,18.949,18.857,18.794,18.686,18.4,18.2,17.6,17.2,16.9,17.2,17,17.5,17.1,16.6,16.2,15.4,14.4,13.4,12.9
"Birth rate, crude (per 1,000 people)",SP.DYN.CBRT.IN,Turkmenistan,TKM,23.717,23.207,22.582,22.445,22.76,23.264,23.663,24.038,24.442,25.055,25.713,26.298,26.876,27.351,27.466,27.466,26.941,26.272,25.502,24.839,24.12,23.348
"Birth rate, crude (per 1,000 people)",SP.DYN.CBRT.IN,Turks and Caicos Islands,TCA,22.632,21.896,20.631,19.616,18.882,18.287,17.721,17.155,16.434,15.671,14.898,14.192,13.443,13.001,12.905,12.665,12.785,12.692,12.511,12.066,11.671,11.198
"Birth rate, crude (per 1,000 people)",SP.DYN.CBRT.IN,Tuvalu,TUV,26.641,25.597,24.464,23.632,23.09,22.746,22.438,21.859,21.685,21.876,22.175,22.54,22.887,22.831,22.975,23.339,23.76,24.284,24.927,24.867,24.632,24.35
"Birth rate, crude (per 1,000 people)",SP.DYN.CBRT.IN,Uganda,UGA,48.247,47.915,47.446,46.962,46.508,45.833,45.184,44.524,43.784,43.381,42.889,42.22,41.419,40.551,39.714,39.007,38.279,37.944,37.673,37.212,36.803,36.342
"Birth rate, crude (per 1,000 people)",SP.DYN.CBRT.IN,Ukraine,UKR,7.823,7.779,8.113,8.546,8.959,9.12,9.787,10.202,11.014,11.201,10.915,11.054,11.419,11.172,10.632,9.802,9.614,8.779,8.125,7.823,7.555,6.977
"Birth rate, crude (per 1,000 people)",SP.DYN.CBRT.IN,United Arab Emirates,ARE,16.314,15.978,15.779,15.647,15.115,14.343,12.292,11.127,9.999,11.083,11.249,11.372,11.678,11.819,11.471,11.02,10.747,10.661,10.248,10.094,10.465,9.279
"Birth rate, crude (per 1,000 people)",SP.DYN.CBRT.IN,United Kingdom,GBR,11.5,11.3,11.3,11.7,11.9,12,12.3,12.6,12.9,12.7,12.9,12.8,12.8,12.1,12,11.9,11.8,11.4,11,10.645,10.204,10.241
"Birth rate, crude (per 1,000 people)",SP.DYN.CBRT.IN,United States,USA,14.4,14.1,14,14.1,14,14,14.3,14.3,14,13.5,13,12.7,12.6,12.4,12.5,12.4,12.2,11.8,11.6,11.4,10.9,11
"Birth rate, crude (per 1,000 people)",SP.DYN.CBRT.IN,Uruguay,URY,15.952,15.695,15.644,15.275,15.078,15.096,14.829,14.613,14.449,14.328,14.246,14.052,14.208,14.336,14.235,14.302,13.726,12.707,11.687,10.894,10.41,10.071
"Birth rate, crude (per 1,000 people)",SP.DYN.CBRT.IN,Uzbekistan,UZB,21.737,21.097,20.901,20.464,20.605,20.404,20.919,22.233,23.155,23.144,22.449,21.929,21.959,22.989,23.846,23.982,23.513,23.196,24.007,24.722,25.634,26.45
"Birth rate, crude (per 1,000 people)",SP.DYN.CBRT.IN,Vanuatu,VUT,32.312,32.279,31.808,31.554,31.408,31.235,31.373,31.851,32.495,32.777,32.951,33.094,33.172,33.235,33.085,32.788,32.506,32.083,31.429,30.717,29.941,29.334
"Birth rate, crude (per 1,000 people)",SP.DYN.CBRT.IN,"Venezuela, RB",VEN,23.681,23.599,23.282,22.939,22.42,22.373,22.104,21.512,21.058,20.555,20.276,20.197,19.94,19.475,19.055,18.604,18.262,17.931,17.33,16.299,15.542,15.219
"Birth rate, crude (per 1,000 people)",SP.DYN.CBRT.IN,Viet Nam,VNM,18.018,18.123,18.095,18.151,17.996,17.369,17.249,17.537,17.664,17.528,17.409,17.588,17.892,17.888,18.671,18.498,17.313,16.764,15.438,15.513,15.234,14.735
"Birth rate, crude (per 1,000 people)",SP.DYN.CBRT.IN,Virgin Islands (U.S.),VIR,14.4,13.1,15.1,14,14.5,14.8,13.2,16.4,15.8,15.3,14.8,13.8,13.1,13.1,13.2,13.2,13,12.8,12.6,12.3,12.1,11.8
"Birth rate, crude (per 1,000 people)",SP.DYN.CBRT.IN,West Bank and Gaza,PSE,40.9,40.2,39.6,38.8,38.1,37.3,36.7,35.855,33.887,34.019,34.543,34.083,33.371,32.9,32.782,32.87,32.274,31.432,30.529,29.708,28.877,28.225
"Birth rate, crude (per 1,000 people)",SP.DYN.CBRT.IN,"Yemen, Rep.",YEM,40.859,40.164,39.579,39.37,38.911,38.39,38.152,37.529,36.918,36.561,35.609,34.708,35.166,35.483,35.738,35.938,36.034,36.067,36.046,35.947,35.895,35.668
"Birth rate, crude (per 1,000 people)",SP.DYN.CBRT.IN,Zambia,ZMB,45.465,44.774,44.332,43.945,43.921,43.838,43.681,43.178,42.632,42.034,41.393,40.661,39.864,38.983,38.114,37.344,36.617,35.938,35.464,35.006,34.408,33.93
"Birth rate, crude (per 1,000 people)",SP.DYN.CBRT.IN,Zimbabwe,ZWE,36.128,36.463,36.539,36.613,36.326,35.803,35.203,35.651,36.361,37.518,37.869,38.142,37.805,36.975,35.407,33.918,32.704,31.813,31.327,31.121,30.988,30.932
"Birth rate, crude (per 1,000 people)",SP.DYN.CBRT.IN,Africa Eastern and Southern,AFE,41.0069580245934,40.7403683554937,40.4187327770083,40.1466747369261,40.0101592364679,39.8397725808245,39.5597498245471,39.198574291596,38.9724856893111,38.441366401009,37.9573871547594,37.4406949745048,36.8771687678733,36.3463694285916,35.9315290327129,35.4551248840719,35.067865907406,34.8139923266308,34.5836148275797,34.3358814354219,34.0104704037851,33.6813361926573
"Birth rate, crude (per 1,000 people)",SP.DYN.CBRT.IN,Africa Western and Central,AFW,43.3587024195278,43.2253020846609,43.0233519355738,42.8742750010116,42.654618566425,42.5783285435317,42.3868159929316,42.1041161109383,41.9105788683142,41.6862872545713,41.456578220165,41.1375845722575,40.6626000796335,40.0693770240561,39.4863541861126,38.7440359496532,37.8591169400497,36.958093589512,36.0459008849184,35.1765875292155,34.4176753075527,34.1015452171251
"Birth rate, crude (per 1,000 people)",SP.DYN.CBRT.IN,Arab World,ARB,29.4834712748327,29.1135988170212,28.7348213504792,28.5657733900258,28.3974113432935,28.3268115025882,28.3445733481459,28.4073640124997,28.3600440415312,28.3414812512841,28.409109617044,28.3486644960016,28.3680014769434,28.1418909219337,27.821503842211,27.3846249262358,26.6544210388378,26.2506754918238,25.3797481096521,24.7918834648583,24.4078786443566,23.8889735225159
"Birth rate, crude (per 1,000 people)",SP.DYN.CBRT.IN,Caribbean small states,CSS,20.0275200813704,19.5772228017598,18.9073132908463,18.3752187097475,17.9567096086355,17.8212553056352,17.7231377053221,17.6667803593931,17.5743616907388,17.4478235474266,17.0888659043666,16.8913248517593,16.7821916040057,16.6663120117942,16.5074471863827,16.2299249949759,15.9132858516036,15.5691487501546,15.2309102593713,15.1925253296434,14.8023113464843,14.4492017486734
"Birth rate, crude (per 1,000 people)",SP.DYN.CBRT.IN,Central Europe and the Baltics,CEB,9.77092743419176,9.43689219382705,9.27703769430054,9.28417867874175,9.49946853674401,9.76067384088354,9.95849846965394,10.2076348610633,10.7450559900911,10.7825508634384,10.5442007818566,9.97322278608419,9.97089610866382,9.6439670558467,9.93815859372765,9.88996298909598,10.1565225386552,10.3940851096217,10.1181520284445,9.93209882004362,9.70552588928268,9.54356119967269
"Birth rate, crude (per 1,000 people)",SP.DYN.CBRT.IN,Early-demographic dividend,EAR,27.4813556560598,27.1125217472736,26.5614319368417,26.0109353904014,25.5351208911517,25.0682540596777,24.6818952567978,24.3482660496965,24.1025275311294,23.8130129461886,23.424007238523,23.0999021557234,22.7700305877119,22.3264312151907,21.7402385820857,21.4664982629771,21.10869158375,20.5510351475921,20.2311354690886,19.7367851968491,19.2516149531206,18.981941767367
"Birth rate, crude (per 1,000 people)",SP.DYN.CBRT.IN,East Asia & Pacific,EAS,15.8526621335661,15.3108908637532,14.861903172615,14.4808815930757,14.3251714587821,14.3056929493526,14.1359413520813,14.167133789292,14.1405032143089,13.9652974713952,13.9008902188822,14.7515134536388,15.5022669586538,14.3958361536487,14.7816075396243,13.5796052513996,14.3263871013016,13.5591013960284,12.2896392340449,11.8748942502151,10.5938015416744,9.8654127584761
"Birth rate, crude (per 1,000 people)",SP.DYN.CBRT.IN,East Asia & Pacific (excluding high income),EAP,16.4457113041847,15.9302029150157,15.474267945178,15.0812694347815,14.9277249100667,14.9466451331386,14.7227490507555,14.7224001203398,14.7019205282667,14.5308010386388,14.4584262701635,15.4054887168982,16.2269115674342,15.048549393679,15.4822755054172,14.1363268812179,15.0026815641465,14.190472931487,12.8048408487262,12.3838921790286,10.9968752236907,10.1981100369895
"Birth rate, crude (per 1,000 people)",SP.DYN.CBRT.IN,East Asia & Pacific (IDA & IBRD countries),TEA,16.431581968498,15.9175905779861,15.4667866666519,15.0782387277398,14.9320745103376,14.960289917537,14.7319240283008,14.7336844931996,14.7120509239342,14.5454011359441,14.4734614812328,15.4328344247374,16.2640340573922,15.070085700875,15.508521826042,14.1454063960717,15.0221664930098,14.199530081271,12.7971568955179,12.371239905824,10.9671214462471,10.1599252338034
"Birth rate, crude (per 1,000 people)",SP.DYN.CBRT.IN,Euro area,EMU,10.6147461228777,10.3762887164229,10.3147836441694,10.324978117442,10.384854519245,10.2753352081178,10.3668507627587,10.3525069124433,10.5287315640381,10.3402836626249,10.3330462919126,10.1370294032683,9.97743506521047,9.72772580346601,9.78589451091784,9.66846626080559,9.71933223115668,9.47191175742524,9.27797304012555,9.10207545699417,8.88483470493758,9.00505843965657
"Birth rate, crude (per 1,000 people)",SP.DYN.CBRT.IN,Europe & Central Asia,ECS,11.6949094925194,11.5236462125264,11.5494234746255,11.6801683874126,11.8599211735849,11.8419853434858,12.0432818254215,12.3347055105943,12.7096249172737,12.6790177839389,12.6818676713129,12.5252978146713,12.6570391277136,12.4800048380234,12.6279929663028,12.4918117440974,12.3797129724957,11.8984770833371,11.6101054049741,11.2860001544788,11.0124751733553,10.9772616838422
"Birth rate, crude (per 1,000 people)",SP.DYN.CBRT.IN,Europe & Central Asia (excluding high income),ECA,16.1707306028675,15.8395805200332,15.6237690674175,15.6597117162747,15.9882319033094,16.0785405143134,16.4541656439665,16.8084226333886,17.2432113945963,17.2446955050532,17.1324316150908,17.0426964208061,17.308063640134,17.36029997719,17.6398684972383,17.3162319988965,16.937344244738,16.3172263314182,16.0639720483463,15.7277285333239,15.3757771794939,15.1868562092634
"Birth rate, crude (per 1,000 people)",SP.DYN.CBRT.IN,Europe & Central Asia (IDA & IBRD countries),TEC,12.6315500699699,12.5215215966904,12.6188480749247,12.8140015449528,13.0905642983861,13.1222999829906,13.3895019248014,13.941262256551,14.5017319762923,14.6267603405095,14.6131299752721,14.5017525479145,14.8812360446595,14.8216837252788,15.0609891717216,14.8882857124867,14.6157313452404,13.9108750650021,13.5476317109317,13.0986383746658,12.7934976236441,12.6011391056002
"Birth rate, crude (per 1,000 people)",SP.DYN.CBRT.IN,European Union,EUU,10.4601293085186,10.2182025178045,10.1405489889134,10.1566165986821,10.248175728541,10.2159851116368,10.3430954072912,10.3781524146244,10.6244976753996,10.4780540853965,10.432756306775,10.1310621724031,10.015845476789,9.74925547870643,9.86087120492975,9.75617122991726,9.86246824503842,9.72241744854824,9.51211655861318,9.33303736955555,9.11715675547849,9.17631889285462
"Birth rate, crude (per 1,000 people)",SP.DYN.CBRT.IN,Fragile and conflict affected situations,FCS,37.9432313962306,37.7804450997776,37.5817250056546,37.4194004533204,37.2434314684901,37.0820067389086,36.9731827398737,36.7912183699902,36.648277124411,36.4298164726294,36.2015725312498,35.9776126766736,35.5885874400495,35.1319033320662,34.726503053077,34.2512448272517,33.7288596141164,33.2494815274795,32.8100414072448,32.4239619593516,32.010357519362,31.7803609609863
"Birth rate, crude (per 1,000 people)",SP.DYN.CBRT.IN,Heavily indebted poor countries (HIPC),HPC,43.437220786395,42.998797688778,42.5445237342371,42.1971693251842,41.9197259071889,41.6393662194004,41.2868015079011,40.8646699198814,40.4203384845579,40.0487222454471,39.6890404668468,39.2002917194839,38.714714080858,38.214631350558,37.7517977685814,37.3489750054204,36.9250235874186,36.5456560602864,36.1781933674505,35.7809413936876,35.3435911591873,34.952007012197
"Birth rate, crude (per 1,000 people)",SP.DYN.CBRT.IN,High income,HIC,11.8706979395201,11.5749545757299,11.4948470539843,11.5276069575516,11.5181589298306,11.4246550067803,11.612885484503,11.8176020809103,11.9143812526722,11.7362462428987,11.6153389480862,11.4584898363084,11.50594321405,11.2178127975265,11.2840134608429,11.2004348497474,11.0814231175582,10.6752257920289,10.3928114321726,10.0488265428965,9.67638693962836,9.64351469345762
"Birth rate, crude (per 1,000 people)",SP.DYN.CBRT.IN,IBRD only,IBD,20.0385267701878,19.6674142487044,19.2511313882636,18.873545355793,18.6604150308674,18.4618827922537,18.1787800446877,18.0434665844457,17.9743578469634,17.8127698950141,17.6193489680463,17.9071940574554,18.1719992504154,17.4512447574714,17.3669990641142,16.6496020173026,16.8429437513242,16.1346119777248,15.3429245251106,14.8354217654102,13.9226557867817,13.4169880144104
"Birth rate, crude (per 1,000 people)",SP.DYN.CBRT.IN,IDA & IBRD total,IBT,24.0340075025801,23.7023780416114,23.3261334697514,22.9896987834753,22.769810543808,22.5818481965561,22.3539297536587,22.241132774787,22.1804029693971,22.0286638480354,21.837360991733,21.9859620915695,22.1159561364011,21.5090062826837,21.3762617462863,20.7678437969829,20.8244985408089,20.2354549293598,19.6009260775664,19.1804608940206,18.4656336136769,18.0897350745304
"Birth rate, crude (per 1,000 people)",SP.DYN.CBRT.IN,IDA blend,IDB,38.6406378267359,38.2869842199961,37.8943246821106,37.5609124318051,37.0255652706779,36.8093184158841,36.8229826355316,36.8207227915745,36.9311607320553,36.8180713312127,36.5645439658466,36.1120362131427,35.5252376619867,34.9777785867337,34.4502432134715,33.7786659783841,32.9406147347525,32.3391161912658,31.7360320683307,31.1508026339009,30.6297477169557,30.4394682110818
"Birth rate, crude (per 1,000 people)",SP.DYN.CBRT.IN,IDA only,IDX,37.7752189198859,37.3996336547442,36.9649886967758,36.561526215244,36.204596578267,35.8150404397274,35.4544143170302,35.0996623190752,34.7034100540739,34.3051904754009,33.8893070384076,33.4561301739609,33.1312275449021,32.8358577244132,32.5057655668528,32.2243792259159,31.9462686656193,31.6743709828764,31.4691918588452,31.2514259180729,30.9830524270787,30.7360738444267
"Birth rate, crude (per 1,000 people)",SP.DYN.CBRT.IN,IDA total,IDA,38.0761620515444,37.7088450900426,37.2890568143828,36.9101955290263,36.4914026072193,36.1627992220949,35.9335189960629,35.7032819623142,35.4865843651586,35.1905921491543,34.8339016147587,34.3951348638138,33.9779960953068,33.5938390886545,33.193782142715,32.7739683173779,32.2972986596746,31.9086361112376,31.5630654941698,31.2161031944857,30.8592812740245,30.6323279580083
"Birth rate, crude (per 1,000 people)",SP.DYN.CBRT.IN,Late-demographic dividend,LTE,14.7723609025469,14.2768529672207,13.8909224400171,13.5744987014806,13.4654168851534,13.4425441754759,13.2051712938686,13.253868338809,13.3107350342136,13.1738035913296,13.1088339965958,13.91616414412,14.736412355595,13.7220502397054,14.2374062561798,13.0435909636803,13.8326952657499,13.0931538825197,11.8590566385453,11.4418954543081,10.1415765010476,9.40117411079471
"Birth rate, crude (per 1,000 people)",SP.DYN.CBRT.IN,Latin America & Caribbean,LCN,22.2663950644305,21.7080301027148,21.1792095241984,20.6475471937333,20.2629902136666,19.9041593271576,19.4868885473873,19.1318597756527,18.8735333790398,18.6226653500178,18.3429809922614,18.1319263086019,17.8253581505693,17.5716003681687,17.3468130030399,17.0063233322496,16.4953458816848,16.2116395298334,15.9737670052658,15.5087015507488,14.9391191354951,14.6690288135715
"Birth rate, crude (per 1,000 people)",SP.DYN.CBRT.IN,Latin America & Caribbean (excluding high income),LAC,22.528196880408,21.939137310136,21.4054280122921,20.8566579825669,20.4699905607554,20.0767901171622,19.6434860053535,19.2725820765612,19.0011568945132,18.7511019507931,18.4714744410066,18.2446555927215,17.9283714811262,17.68444625645,17.4639576426995,17.1254163368736,16.6015542680984,16.352962633854,16.1393914301022,15.7203555099389,15.1753094485552,14.9365918972326
"Birth rate, crude (per 1,000 people)",SP.DYN.CBRT.IN,Latin America & the Caribbean (IDA & IBRD countries),TLA,22.5327748977351,21.9720331720367,21.4289282970222,20.8926550859751,20.5119379495093,20.1547871870532,19.7419800799959,19.3739461426813,19.0880654888619,18.8160084145168,18.5321129335573,18.3080112969335,18.0044318186042,17.7468132580024,17.5216615605543,17.1739187108579,16.6639441787496,16.3803114441686,16.1353180843437,15.6680245163605,15.092873512777,14.8230781747136
"Birth rate, crude (per 1,000 people)",SP.DYN.CBRT.IN,Least developed countries: UN classification,LDC,39.1759192543106,38.7739028215021,38.3203677198176,37.9067679958312,37.5344934459906,37.1176372706238,36.736958360356,36.3407532016837,35.883675504088,35.4775012917837,35.0240480543981,34.5555701581819,34.2002609021371,33.8795370228463,33.5932473484052,33.3410144547051,33.1070728297098,32.8585650401009,32.6425020268958,32.4105852549942,32.1482101008838,31.904386720599
"Birth rate, crude (per 1,000 people)",SP.DYN.CBRT.IN,Low & middle income,LMY,24.40458046842,24.037796291489,23.6157810008375,23.242176583533,22.9944350141196,22.7888647706344,22.5466435524367,22.402911532754,22.322739987681,22.1674590000616,21.9719718603654,22.1430378333136,22.2744539683389,21.651997430691,21.5052989439864,20.8617898503985,20.9241626349883,20.3304901440985,19.6711508091726,19.2446182966096,18.5015925917453,18.1154534114637
"Birth rate, crude (per 1,000 people)",SP.DYN.CBRT.IN,Low income,LIC,42.5445849844991,42.0989070791954,41.6409629795186,41.3313757792757,41.0362051292584,40.7282220597417,40.5326046035161,40.3276510202006,40.137748648442,39.8869298260012,39.5672669744872,39.1383341681347,38.8071923828771,38.4138664501863,37.9432714556925,37.5187003959304,37.0628390317202,36.7705239214552,36.3868939147393,36.0508853041355,35.7136662122534,35.4316870131136
"Birth rate, crude (per 1,000 people)",SP.DYN.CBRT.IN,Lower middle income,LMC,29.9650445603147,29.6831192275753,29.1762877894179,28.6507380626666,28.1256855777801,27.5705745044307,27.157705481854,26.8022509307884,26.5656992460284,26.3494823620824,25.9554689434431,25.5715381191709,25.2016649235233,24.7688232836024,24.1378774916206,23.8728301153389,23.4530872087792,22.8290760086899,22.4632146073091,21.9567930328921,21.4577817098943,21.1898929518099
"Birth rate, crude (per 1,000 people)",SP.DYN.CBRT.IN,"Middle East, North Africa, Afghanistan & Pakistan",MEA,29.5966344581709,29.0498427330156,28.5431375568219,28.3033272947415,27.8998398583134,27.7435927588805,27.8895107368461,28.0141644684164,28.0987768503555,28.1350141808852,28.1800025028621,28.0572676174952,28.0095219985294,27.7664103607918,27.436080761697,26.9712038400832,26.2828895249886,25.8786899971924,25.0440636331911,24.3647190689917,23.9264084185914,23.5441523779331
"Birth rate, crude (per 1,000 people)",SP.DYN.CBRT.IN,"Middle East, North Africa, Afghanistan & Pakistan (excluding high income)",MNA,29.9816810075306,29.4894638677324,29.0242096623337,28.8262131535822,28.4553314209023,28.3271537027387,28.5205717978745,28.6880879988125,28.8340714734558,28.9006051580957,28.9585754888242,28.8463887083179,28.811678727595,28.6084521491627,28.2618389723439,27.8214312021874,27.0985812798696,26.6547242346271,25.7612546856819,25.1064504549323,24.7064449407002,24.3096569566221
"Birth rate, crude (per 1,000 people)",SP.DYN.CBRT.IN,"Middle East, North Africa, Afghanistan & Pakistan (IDA & IBRD)",TMN,29.9123311146721,29.4211820581789,28.9565158857258,28.7621430391725,28.3931950629986,28.2691809037303,28.4675775011411,28.641479562607,28.8010167783765,28.8669678661793,28.921715017728,28.8116755453267,28.781313124178,28.5797276085906,28.2314316305073,27.7872710883768,27.0633473954335,26.6220990405908,25.7284410786422,25.0745482854479,24.6773167450328,24.2821040507086
"Birth rate, crude (per 1,000 people)",SP.DYN.CBRT.IN,Middle income,MIC,23.1014308828969,22.7249313671482,22.2854697201798,21.8855795783007,21.6211969652072,21.4021798546641,21.1326049654279,20.9698351374136,20.8756034167929,20.7051021608821,20.4969846734595,20.696372631316,20.8473525984676,20.187266608418,20.0518560242049,19.3701641965633,19.4578932776749,18.813247926583,18.1017997530886,17.6373594827911,16.8243153865653,16.3962096878064
"Birth rate, crude (per 1,000 people)",SP.DYN.CBRT.IN,North America,NAC,14.0368537272308,13.7759553642615,13.6557178698892,13.7554716222146,13.6652065593883,13.6749291765714,13.9746836502616,14.0042451277975,13.753179221073,13.2922452950642,12.8215124185199,12.5309175128241,12.4403673536033,12.2499089784841,12.3395322328043,12.2296621496493,12.0392093334676,11.6485542498253,11.4473668918924,11.2460986480566,10.7555927093283,10.8653034133472
"Birth rate, crude (per 1,000 people)",SP.DYN.CBRT.IN,Not classified,INX,..,..,..,..,..,..,..,..,..,..,..,..,..,..,..,..,..,..,..,..,..,..
"Birth rate, crude (per 1,000 people)",SP.DYN.CBRT.IN,OECD members,OED,13.8117011518988,13.4677547651817,13.2476267734013,13.1765495767549,13.0978358622457,12.9646858598145,13.0882262104573,13.1225474872102,13.0968248293709,12.8121410265703,12.6491597579318,12.4093507713269,12.3359228018066,12.0806158749061,12.0796921621507,11.9040064750481,11.7373342518223,11.4243407602044,11.1866144108952,10.9091856651893,10.5233203977861,10.5061075067836
"Birth rate, crude (per 1,000 people)",SP.DYN.CBRT.IN,Other small states,OSS,22.1735367079346,21.805609485409,21.6836884182865,21.5815861635512,21.4077461009527,21.0974346164886,20.8158544763913,20.6708414764083,20.6088167481386,20.3796549254397,20.0007682803259,19.626617446808,19.2959227693754,18.840778612454,18.5111107410794,18.089774330474,17.8073533787527,17.353903470717,16.9713229666063,16.6115908163936,16.38664524387,16.2189700698196
"Birth rate, crude (per 1,000 people)",SP.DYN.CBRT.IN,Pacific island small states,PSS,29.4166408082363,29.1674677910219,28.9404503866561,28.743096949814,28.5582389153136,28.402605260114,28.346411440733,28.2532714384892,28.1394073825644,27.953919314232,27.6682759641286,27.421320058305,27.2639287387688,27.1259023202938,27.0023917446522,26.6479903531864,26.2100998884492,25.6512668945286,25.1624810049846,24.7085617782218,24.302041626694,24.0146262103917
"Birth rate, crude (per 1,000 people)",SP.DYN.CBRT.IN,Post-demographic dividend,PST,11.6132590935026,11.3031330790406,11.187222305458,11.2204141175928,11.2131996084835,11.1312405122123,11.3721646548945,11.4888366894863,11.5288168879097,11.2879068367981,11.1512938893695,10.9621580217228,10.9104201545635,10.6278776221311,10.6370759628077,10.5205105666588,10.4082859149226,10.0509364301963,9.81289690951896,9.56665160135065,9.21699778652959,9.25287128404676
"Birth rate, crude (per 1,000 people)",SP.DYN.CBRT.IN,Pre-demographic dividend,PRE,43.874574933349,43.5838771894355,43.2446713284755,43.0190986904232,42.7981943318295,42.5722377107222,42.3994991983981,42.1127151159812,41.8183867277659,41.5817994655503,41.2804935315517,40.8713247808176,40.3426460603264,39.7768427596911,39.2192728853313,38.5357393541111,37.821379540525,37.1928463875354,36.5613236312586,35.9480536208761,35.3803848718732,35.0514279646299
"Birth rate, crude (per 1,000 people)",SP.DYN.CBRT.IN,Small states,SST,22.5727495645238,22.2018937686007,21.9327445170377,21.715255734107,21.4836161658161,21.2522699998162,21.0486914827158,20.9351838082528,20.861717661563,20.665789394136,20.3081127385179,19.9984553341124,19.7483810107756,19.4198129004139,19.1623228391582,18.7882459931726,18.4820610357374,18.0447879304695,17.660392861301,17.3627809553555,17.0788932641104,16.8572680612763
"Birth rate, crude (per 1,000 people)",SP.DYN.CBRT.IN,South Asia,SAS,27.6664748563005,27.3386728544524,26.6774518771716,25.9274407928793,25.2577252732579,24.4352771431655,23.6989133900521,23.0668436153754,22.5902318467548,22.2277347779279,21.6150994486448,21.1197385497421,20.6605877266549,20.1126540518824,19.2380183836357,19.0886848943518,18.9201325540334,18.2256855005369,18.1475574115529,17.6684782271993,17.1258043209131,16.8988487191844
"Birth rate, crude (per 1,000 people)",SP.DYN.CBRT.IN,South Asia (IDA & IBRD),TSA,27.6664748563005,27.3386728544524,26.6774518771716,25.9274407928793,25.2577252732579,24.4352771431655,23.6989133900521,23.0668436153754,22.5902318467548,22.2277347779279,21.6150994486449,21.1197385497421,20.6605877266549,20.1126540518824,19.2380183836357,19.0886848943518,18.9201325540334,18.2256855005369,18.1475574115529,17.6684782271993,17.1258043209131,16.8988487191844
"Birth rate, crude (per 1,000 people)",SP.DYN.CBRT.IN,Sub-Saharan Africa,SSF,41.956351161065,41.7448034716433,41.4728193296482,41.2518139432389,41.082805567921,40.9517823966006,40.7087657897637,40.3804004625231,40.1682783768972,39.7624686084793,39.3824533433954,38.947508895493,38.420873491692,37.864464068493,37.3812705679721,36.7964404676102,36.2064378158334,35.6885053941594,35.1793279526512,34.6778008593805,34.1757778569413,33.8516334047703
"Birth rate, crude (per 1,000 people)",SP.DYN.CBRT.IN,Sub-Saharan Africa (excluding high income),SSA,41.5602593961934,41.3903057907081,41.1668304477384,41.023312055609,40.9040619935901,40.8256640223537,40.6692592313051,40.4196534764125,40.3149695745593,40.0151508941274,39.7015575594923,39.3190317823806,38.8582037189828,38.3426306302585,37.8313624092877,37.1891447373204,36.5329195507299,35.9688500785236,35.3827821342709,34.8071915155471,34.2755546857393,33.9638714311584
"Birth rate, crude (per 1,000 people)",SP.DYN.CBRT.IN,Sub-Saharan Africa (IDA & IBRD countries),TSS,41.956351161065,41.7448034716433,41.4728193296482,41.2518139432389,41.082805567921,40.9517823966006,40.7087657897637,40.3804004625231,40.1682783768972,39.7624686084793,39.3824533433954,38.947508895493,38.420873491692,37.864464068493,37.3812705679721,36.7964404676102,36.2064378158334,35.6885053941593,35.1793279526512,34.6778008593805,34.1757778569413,33.8516334047703
"Birth rate, crude (per 1,000 people)",SP.DYN.CBRT.IN,Upper middle income,UMC,16.9298676157619,16.4029773282095,15.9603452892242,15.6135830599906,15.5314658528461,15.5729072686173,15.3843120710323,15.3478088802027,15.3389948887927,15.1629095331579,15.0877357656462,15.8229700074136,16.4619304794469,15.5409894464432,15.8778616935925,14.7383291228639,15.3193432699114,14.6257073651651,13.5232521583531,13.0705256861149,11.8854970977343,11.242077086157
"Birth rate, crude (per 1,000 people)",SP.DYN.CBRT.IN,World,WLD,22.079260051551,21.7504841875624,21.418176157983,21.141807262738,20.9568469868727,20.7895225373151,20.6403670214287,20.567677095151,20.5216797387486,20.3615024303664,20.1883643018624,20.3008492434213,20.4146447367877,19.8666208313049,19.7721167848975,19.2530892601624,19.292471672866,18.7562710534389,18.193325192084,17.8034104364922,17.1494313666411,16.8440304580383
,,,,,,,,,,,,,,,,,,,,,,,,,
,,,,,,,,,,,,,,,,,,,,,,,,,
,,,,,,,,,,,,,,,,,,,,,,,,,
Data from database: World Development Indicators,,,,,,,,,,,,,,,,,,,,,,,,,
Last Updated: 01/28/2026,,,,,,,,,,,,,,,,,,,,,,,,,
