Country Code,year,primary_enroll_gross_pct,secondary_enroll_gross_pct,birth_rate_crude_per_1000,usd_const_2021
AFG,2000,21.4578495025635,,51.491,1283228.36439764
AFG,2001,22.1396503448486,14.0404100418091,49.623,2818330.50091676
AFG,2002,73.4013137817383,,47.488,17983845.67632935
AFG,2003,95.3357467651367,13.959529876709,47.056,17275664.089464568
AFG,2004,105.475051879883,19.2143802642822,46.492,73087522.32900919
AFG,2005,99.50390625,20.2735099792481,44.952,56426067.08996785
AFG,2006,102.284866333008,29.523889541626,44.087,26648301.685127743
AFG,2007,99.3228988647461,28.8154907226562,43.831,25230568.41147075
AFG,2008,104.445137023926,38.930850982666,42.538,34141491.54400078
AFG,2009,99.7054214477539,44.2999496459961,42.162,10031802.715979077
AFG,2010,103.48560333252,50.4406204223633,41.759,29212629.51833044
AFG,2011,101.542083740234,52.4474296569824,40.973,19778020.42006221
AFG,2012,106.575317382812,54.372859954834,40.702,800289.779076342
AFG,2013,107.942840576172,54.8833694458008,40.288,0.0
AFG,2014,109.829452514648,54.2936515808105,39.646,2950061.866423343
AFG,2015,106.773551940918,53.1501083374023,39.364,32796433.478667893
AFG,2016,106.784042358398,53.4350395202637,38.732,52722527.60401548
AFG,2017,106.54354095459,55.5364303588867,38.171,102065701.03121616
AFG,2018,107.687660217285,57.3578491210938,37.624,8745640.781685727
AFG,2019,109.075309753418,,37.138,0.0
AFG,2020,,,36.601,12679734.611437527
AFG,2021,,,36.342,61011455.90897336
BEN,2000,77.2928009033203,20.0005397796631,42.079,46502250.108607605
BEN,2001,84.4785537719727,21.7104396820068,41.695,24303418.68027681
BEN,2002,89.5929565429688,23.5846691131592,41.48,68316745.40887006
BEN,2003,93.1921081542969,24.9001197814941,41.475,0.0
BEN,2004,96.9871597290039,26.7041492462158,41.329,5141569.25779127
BEN,2005,94.2145690917969,,41.087,169886696.7170568
BEN,2006,94.3325424194336,,41.341,7628056.583728999
BEN,2007,,,40.961,37848293.498924
BEN,2008,106.483963012695,,40.371,43872283.8286815
BEN,2009,111.44181060791,,39.982,28638555.79467541
BEN,2010,112.795959472656,,39.77,45264563.7282378
BEN,2011,114.723129272461,45.7294692993164,39.691,15219974.0790751
BEN,2012,118.541481018066,,39.706,36666526.47736968
BEN,2013,119.383087158203,52.0378494262695,39.582,256968707.52322933
BEN,2014,119.675392150879,52.5952682495117,39.342,8748583.8344087
BEN,2015,121.990882873535,55.1333084106445,38.996,325710805.5457194
BEN,2016,120.301116943359,55.2945899963379,38.554,101109252.57379235
BEN,2017,116.291519165039,,37.84,115915888.77657963
BEN,2018,111.805068969727,,36.955,1672173.90576621
BEN,2019,106.798400878906,,36.036,394573881.5666653
BEN,2020,104.033172607422,43.9858703613281,35.331,1968323.5346157632
BEN,2021,105.631301879883,44.2737998962402,34.779,841800000.0
BGD,2000,,46.7210006713867,29.589,284264555.01722527
BGD,2001,,48.4609718322754,29.174,802300992.7597259
BGD,2002,,49.6199493408203,28.526,48316040.4551517
BGD,2003,,49.5259017944336,27.745,0.0
BGD,2004,,46.3084297180176,26.994,2154031.816242663
BGD,2005,96.386833190918,45.1695098876953,26.055,112543688.5556854
BGD,2006,95.8766021728516,45.7007904052734,25.252,12743686.5640857
BGD,2007,93.662353515625,46.4658813476562,24.526,4191169.852082581
BGD,2008,90.3782272338867,44.5729598999023,23.685,155746607.591819
BGD,2009,92.5936737060547,48.1255798339844,22.829,0.0
BGD,2010,94.7762261175806,49.5031106793162,21.874,179313317.0089303
BGD,2011,,49.7515496494472,21.114,775144417.262479
BGD,2012,,51.6718482971191,20.709,572300248.990639
BGD,2013,,55.6214332189314,20.55,375784418.9289736
BGD,2014,,,20.298,504060458.8602835
BGD,2015,,59.4217414855957,20.254,447876015.3362839
BGD,2016,,64.1664546117285,20.226,2053639246.7263844
BGD,2017,105.128820425409,62.3408639225315,19.991,972250835.1744208
BGD,2018,107.18995771035,65.2714888764112,20.069,6618134977.667856
BGD,2019,,65.1185413488915,20.131,2546189429.212319
BGD,2020,110.066619873047,66.4329548486639,20.289,2743887279.515847
BGD,2021,106.334849059692,66.8282318620991,20.414,1580353701.5503876
ETH,2000,52.2387313842773,14.451319694519,45.59,575294.3459038662
ETH,2001,57.1306991577148,17.3430194854736,44.987,347157084.1690813
ETH,2002,59.6043586730957,19.1939201354981,44.264,5079180.26550298
ETH,2003,60.7021408081055,19.5667705535889,43.334,35124692.93057393
ETH,2004,63.5657081604004,21.47705078125,42.712,0.0
ETH,2005,74.5096893310547,23.8548793792725,42.104,902599.570179658
ETH,2006,79.2329330444336,27.4775695800781,41.086,93662013.89336573
ETH,2007,85.4697265625,30.251350402832,40.054,2966559426.1732187
ETH,2008,91.4530181884766,31.3109302520752,38.886,363344626.3889408
ETH,2009,90.3419418334961,31.649019241333,37.538,737680927.5530388
ETH,2010,88.511037030714,33.0478591918945,36.571,1917689053.138001
ETH,2011,90.6282577514648,34.4468994140625,35.671,1348991576.315393
ETH,2012,89.9253221073517,36.2193489074707,34.563,238717343.2920664
ETH,2013,,,33.644,5872508463.202027
ETH,2014,93.1145890062913,,33.408,1271279065.877024
ETH,2015,94.0857534729235,33.9114221981431,33.331,832856954.2540209
ETH,2016,,,33.329,982765617.9904023
ETH,2017,101.223991472845,,33.222,993719543.6472071
ETH,2018,,,33.394,3221566833.584777
ETH,2019,,,33.549,61253079.00004293
ETH,2020,112.6701710274,,33.31,15259963.517482707
ETH,2021,101.338920969252,,32.876,69302799.99097422
KHM,2000,102.792739868164,18.1284408569336,28.466,91777090.26860954
KHM,2001,110.342948913574,20.176570892334,28.11,28205127.639950942
KHM,2002,123.66854095459,23.8959407806396,27.528,338925195.87015617
KHM,2003,126.512390136719,27.8392200469971,26.88,14764407.97159817
KHM,2004,129.020355224609,30.9775104522705,26.261,7041125.214140724
KHM,2005,129.551315307617,,26.104,82062748.92320292
KHM,2006,128.404861450195,39.1435394287109,26.127,64972305.96685968
KHM,2007,127.717086791992,41.7365608215332,26.209,835023218.2291211
KHM,2008,124.066017150879,44.2504997253418,25.88,166073144.47790998
KHM,2009,123.781600952148,,25.625,776936447.4587222
KHM,2010,123.357803344727,,25.036,2942319015.783209
KHM,2011,118.762440557356,,24.631,258924055.76469907
KHM,2012,115.41843697639,,24.578,1624920362.2715812
KHM,2013,115.808136523857,,24.56,1214098047.3855886
KHM,2014,108.942219609284,,24.403,748567450.7585998
KHM,2015,103.759672683505,,24.218,544177651.1610305
KHM,2016,101.734266788056,,23.956,934659646.58862
KHM,2017,100.69503505776,48.9424458707368,23.655,579451452.4884306
KHM,2018,99.6739108443274,50.199099715459,23.372,1967414977.141764
KHM,2019,100.480819545412,49.7344518908574,22.988,2270460260.136928
KHM,2020,107.021018981934,51.8196983337402,22.409,1336760792.0176592
KHM,2021,105.282475574163,54.2809323078227,21.905,901459466.4
LAO,2000,105.722198486328,33.2670707702637,32.901,91829192.75657126
LAO,2001,103.310859680176,35.1896514892578,32.112,75436133.0223992
LAO,2002,105.233688354492,37.9458808898926,31.18,304254215.3827408
LAO,2003,107.481590270996,40.6808013916016,30.66,80829447.62872651
LAO,2004,108.649421691895,42.5078582763672,30.075,986577817.800692
LAO,2005,110.026527404785,42.9863014221191,28.788,72087857.71989392
LAO,2006,110.817306518555,42.2330513000488,28.365,138844083.2166166
LAO,2007,112.471809387207,43.0343399047852,28.124,47031523.10183776
LAO,2008,114.984016418457,44.126880645752,27.882,506426631.6309291
LAO,2009,117.407089233398,45.6930198669434,27.569,655864412.5257491
LAO,2010,119.705680847168,47.3594398498535,27.195,525969018.6820723
LAO,2011,119.074599302583,46.3030907447649,26.777,687409293.8959632
LAO,2012,118.414315740965,49.0350189208984,26.174,749123892.8822466
LAO,2013,118.408152699995,52.6759359354755,25.623,967877029.7738196
LAO,2014,117.425464096562,58.0247383117676,25.049,2635665667.066824
LAO,2015,114.302879123065,62.2967936554274,24.962,1564442717.9506788
LAO,2016,110.502812681423,64.7630026961054,24.567,4589788738.444315
LAO,2017,107.444972491228,66.0411073482017,24.117,1150066697.1921256
LAO,2018,104.275413158198,66.1528570578416,23.599,547480062.6091517
LAO,2019,101.978544594664,64.986385458831,23.151,4350240720.652793
LAO,2020,100.27766790602,62.4493058083911,22.618,415056178.7778498
LAO,2021,99.1101994809825,59.8530595325837,22.147,125775571.50492992
MOZ,2000,73.2299194335938,5.94095993041992,43.583,20038115.81156836
MOZ,2001,79.6124725341797,6.66658020019531,43.073,116529361.35633828
MOZ,2002,83.0477981567383,8.2307596206665,42.473,13796991.059060138
MOZ,2003,,,41.971,1218031.87018926
MOZ,2004,93.0763931274414,10.5598001480103,41.638,0.0
MOZ,2005,100.058006286621,12.95458984375,41.356,17144843.46195176
MOZ,2006,102.737716674805,15.2163000106812,41.117,40638.981705134
MOZ,2007,109.321502685547,17.9137401580811,41.268,201372286.69353023
MOZ,2008,114.194580078125,20.1720008850098,42.277,103264164.6321528
MOZ,2009,115.103843688965,22.9890193939209,42.908,172055251.02987742
MOZ,2010,116.867207366317,25.1208838457009,42.806,120518141.39222568
MOZ,2011,113.599054478212,26.0157578808472,42.454,105049153.16689758
MOZ,2012,113.200785284243,25.6446165136399,42.019,1424739529.681136
MOZ,2013,114.118825775581,34.4439086914062,41.554,229714043.4458496
MOZ,2014,114.277516463599,33.95458984375,40.792,737568597.9823763
MOZ,2015,114.82837357539,34.5285606384277,40.426,7161754.146357825
MOZ,2016,113.687876415561,,40.093,22924879.2258834
MOZ,2017,111.566194762496,37.2411918640137,39.755,2412900945.062848
MOZ,2018,115.270990181058,,39.448,22450904.806300707
MOZ,2019,117.86067127577,,39.117,41571890.65369906
MOZ,2020,118.980061431837,,38.736,323594093.8855596
MOZ,2021,,,38.403,28849202.0
SDN,2000,,,40.836,877009269.061062
SDN,2001,54.9207382202148,32.2981796264648,40.65,593254159.7574694
SDN,2002,55.170108795166,32.1063385009766,40.439,150178481.35246697
SDN,2003,56.535831451416,33.3529090881348,40.206,2897336938.3104258
SDN,2004,58.0592002868652,36.5913009643555,39.967,894585957.2716688
SDN,2005,59.3962097167969,36.3686599731445,39.612,1761123648.0592127
SDN,2006,63.7515182495117,34.6569290161133,39.187,913893015.6907444
SDN,2007,63.5354995727539,33.9691314697266,38.871,2239297836.136452
SDN,2008,68.9424591064453,35.8935012817383,38.392,284572816.198815
SDN,2009,68.2343368530273,39.4921493530273,38.084,2625899928.452481
SDN,2010,67.3397827148438,39.6667785644531,37.987,727717634.2794584
SDN,2011,64.9761810302734,35.2129783630371,37.317,259402662.08389625
SDN,2012,66.0605392456055,38.7272605895996,36.59,4111371560.777093
SDN,2013,66.95703125,40.9434089660645,36.015,84296.1890561751
SDN,2014,67.05712890625,42.046989440918,35.491,327782650.0393716
SDN,2015,67.6649703979492,42.5230712890625,35.683,3030144.03786317
SDN,2016,69.8550796508789,40.9556007385254,35.412,3609013.91875874
SDN,2017,70.3664779663086,43.0903282165527,35.023,95274351.7408534
SDN,2018,72.0317687988281,42.1366996765137,35.074,64566667.99561767
SDN,2019,72.3981094360352,43.5378608703613,34.909,29801225.8965137
SDN,2020,,,34.48,2546388.365443261
SDN,2021,,,33.913,4500000.0
TGO,2000,110.808746337891,31.6074600219727,37.948,0.0
TGO,2001,112.105476379395,34.4402694702148,37.903,73638128.933585
TGO,2002,113.691993713379,38.4870300292969,37.776,905925.758534097
TGO,2003,111.294708251953,40.5968894958496,37.528,7048813.92776272
TGO,2004,110.338851928711,41.9863700866699,37.14,40715211.734225474
TGO,2005,109.478187561035,44.2280082702637,37.434,18309497.11866749
TGO,2006,113.06999206543,46.0299682617188,37.661,77724403.67428
TGO,2007,107.236228942871,42.7597885131836,38.005,35257485.98877872
TGO,2008,107.988212585449,,37.953,23563770.48107817
TGO,2009,121.990951538086,,38.043,304635596.82320786
TGO,2010,124.709514209282,,37.91,58931840.98103994
TGO,2011,122.784071157596,52.7706298828125,37.105,74591063.23474814
TGO,2012,125.758046516929,,36.144,270740017.88015664
TGO,2013,126.10501578594,,35.414,275189.634633241
TGO,2014,122.304207926362,,34.996,220078757.8851476
TGO,2015,125.602691931749,,34.669,91343277.26442514
TGO,2016,121.476913528699,,34.409,171380451.34841055
TGO,2017,119.405694248485,60.769472220228,33.923,23874009.74354652
TGO,2018,117.836324490464,,33.413,666814.673886539
TGO,2019,117.747746676497,,32.925,1961404.400780967
TGO,2020,119.266830948762,,32.454,36855.62107878409
TGO,2021,116.971385859009,63.0669365853803,32.015,32472000.0
TZA,2000,69.492431640625,,41.528,11822598.712068103
TZA,2001,75.7181167602539,,41.398,206648925.8590032
TZA,2002,90.610237121582,,41.171,67401122.90108356
TZA,2003,96.8610763549805,,41.335,487212.748075707
TZA,2004,101.592483520508,,41.527,59209455.88123914
TZA,2005,105.037376403809,,41.465,589371.4117402625
TZA,2006,107.455772399902,,40.973,32447473.45240585
TZA,2007,108.751991271973,,40.168,8120160.65439219
TZA,2008,109.176727294922,,39.579,149260713.83217186
TZA,2009,103.463706970215,,39.162,17779625.127674684
TZA,2010,100.14820098877,31.8920497894287,38.756,243262749.6190252
TZA,2011,95.0884666333147,,38.108,88898640.28908274
TZA,2012,91.9735025482608,,38.102,1368217280.5781252
TZA,2013,88.8300914467545,32.3857446198788,38.408,198402325.98792657
TZA,2014,85.9364790514687,29.6310806274414,38.355,332483984.51040566
TZA,2015,84.2207717895508,26.090669631958,37.622,373987458.5778885
TZA,2016,85.2800976460579,25.6429992626308,37.632,5298914.736153074
TZA,2017,89.5967210005503,26.3711632016128,37.611,16642622.12624467
TZA,2018,94.9840282240997,28.5933897410534,37.335,297790640.66055024
TZA,2019,97.6456520812412,30.1824263288684,36.883,66807762.22724135
TZA,2020,98.5753622403869,30.9205938581875,36.437,56867617.21794729
TZA,2021,98.6999541804178,28.231330871582,36.015,156860873.63052374
